time,truth_chip,truth_sink_base,truth_fins,chip_power,coolant_temperature,inlet_air_velocity,truth_chip_max,truth_fins_max,truth_outlet_air_temperature,truth_pressure_drop,truth_radiative_heat_rate,truth_energy_residual,truth_hidden_power,truth_effective_air_velocity,case_id,case_group,fidelity,radiation_enabled,surface_emissivity_sink,surface_emissivity_channel,mesh_profile,mesh_size_level,input_convention,source_model,source_case_id,maximum_time_step_s
0,24.99816052,24.99816058,24.99816868,0,25,0.1,24.99816281,24.99819429,24.99903149,0.01053046512,-0.0002223518808,0.000105274722,0,0.1,TV_HV02_composite_radiation_max_step_2s,time_step_convergence,conjugate_laminar_radiation,True,0.9,0.85,local-medium,,left_zero_order_hold,COMSOL 6.4 Electronic Chip Cooling,HV02_composite_radiation,2
20,24.99816019,24.99816024,24.99816834,0,25,0.1,24.99816251,24.9981941,24.99902419,0.01052238666,-0.0002227129491,2.720089431e-06,0,0.1,TV_HV02_composite_radiation_max_step_2s,time_step_convergence,conjugate_laminar_radiation,True,0.9,0.85,local-medium,,left_zero_order_hold,COMSOL 6.4 Electronic Chip Cooling,HV02_composite_radiation,2
40,24.99815988,24.99815993,24.99816804,0,25,0.1,24.9981622,24.9981938,24.99902313,0.01052239454,-0.0002227371646,2.663682507e-06,0,0.1,TV_HV02_composite_radiation_max_step_2s,time_step_convergence,conjugate_laminar_radiation,True,0.9,0.85,local-medium,,left_zero_order_hold,COMSOL 6.4 Electronic Chip Cooling,HV02_composite_radiation,2
60,24.99815959,24.99815964,24.99816775,4,25,0.1,24.99816191,24.99819351,24.99902292,0.01052239451,-0.0002227342162,2.658052901e-06,0,0.1,TV_HV02_composite_radiation_max_step_2s,time_step_convergence,conjugate_laminar_radiation,True,0.9,0.85,local-medium,,left_zero_order_hold,COMSOL 6.4 Electronic Chip Cooling,HV02_composite_radiation,2
80,26.19432005,26.09828029,25.84973329,8,25,0.1,26.23504151,26.12957899,25.20219064,0.01066554447,-0.03232113003,-0.000836842796,0,0.1,TV_HV02_composite_radiation_max_step_2s,time_step_convergence,conjugate_laminar_radiation,True,0.9,0.85,local-medium,,left_zero_order_hold,COMSOL 6.4 Electronic Chip Cooling,HV02_composite_radiation,2
100,28.26180372,28.06853782,27.56261995,12,25,0.1,28.34417349,28.13241361,25.64524032,0.01075477733,-0.09805359654,0.006411918626,0,0.1,TV_HV02_composite_radiation_max_step_2s,time_step_convergence,conjugate_laminar_radiation,True,0.9,0.85,local-medium,,left_zero_order_hold,COMSOL 6.4 Electronic Chip Cooling,HV02_composite_radiation,2
120,31.23128921,30.93987344,30.16893602,12,25,0.08333333333,31.35598238,31.03714418,26.33985547,0.01087877042,-0.2002584915,-0.001333137724,0,0.08333333333,TV_HV02_composite_radiation_max_step_2s,time_step_convergence,conjugate_laminar_radiation,True,0.9,0.85,local-medium,,left_zero_order_hold,COMSOL 6.4 Electronic Chip Cooling,HV02_composite_radiation,2
140,33.94352655,33.64947112,32.85776528,12,25,0.06666666667,34.07033013,33.74920681,27.28957846,0.009114622601,-0.301915125,0.00752199993,0,0.06666666667,TV_HV02_composite_radiation_max_step_2s,time_step_convergence,conjugate_laminar_radiation,True,0.9,0.85,local-medium,,left_zero_order_hold,COMSOL 6.4 Electronic Chip Cooling,HV02_composite_radiation,2
160,36.57367722,36.27779416,35.47018065,12,28.33333333,0.05,36.70190171,36.37959658,28.44327114,0.007295907196,-0.395012455,0.005523893555,0,0.05,TV_HV02_composite_radiation_max_step_2s,time_step_convergence,conjugate_laminar_radiation,True,0.9,0.85,local-medium,,left_zero_order_hold,COMSOL 6.4 Electronic Chip Cooling,HV02_composite_radiation,2
180,39.23497169,38.9403723,38.14345193,12,31.66666667,0.05,39.36231485,39.04112812,31.99098423,0.005414814396,-0.3610651193,0.005184598271,0,0.05,TV_HV02_composite_radiation_max_step_2s,time_step_convergence,conjugate_laminar_radiation,True,0.9,0.85,local-medium,,left_zero_order_hold,COMSOL 6.4 Electronic Chip Cooling,HV02_composite_radiation,2
200,41.92097859,41.62684225,40.83399484,12,35,0.05,42.04797292,41.72711877,35.09412082,0.005440908709,-0.3447525612,0.005129085064,0,0.05,TV_HV02_composite_radiation_max_step_2s,time_step_convergence,conjugate_laminar_radiation,True,0.9,0.85,local-medium,,left_zero_order_hold,COMSOL 6.4 Electronic Chip Cooling,HV02_composite_radiation,2
220,44.62712837,44.33345481,43.54466011,12,35,0.05,44.75377172,44.43336035,38.20927084,0.005466326675,-0.3278602447,0.004985310549,0,0.05,TV_HV02_composite_radiation_max_step_2s,time_step_convergence,conjugate_laminar_radiation,True,0.9,0.85,local-medium,,left_zero_order_hold,COMSOL 6.4 Electronic Chip Cooling,HV02_composite_radiation,2
