time,chip,sink_base,fins,chip_power,coolant_temperature,truth_chip_max,truth_hidden_power,case_id,case_group,fidelity,input_convention,source_model
0,25,25,25,0,25,25,0,T10_power_ramp,ramps,solid_conduction_contact_constant_convection,left_zero_order_hold,COMSOL Electronic Chip Cooling
2,25,25,25,0,25,25,0,T10_power_ramp,ramps,solid_conduction_contact_constant_convection,left_zero_order_hold,COMSOL Electronic Chip Cooling
4,25,25,25,0,25,25,0,T10_power_ramp,ramps,solid_conduction_contact_constant_convection,left_zero_order_hold,COMSOL Electronic Chip Cooling
6,25,25,25,0,25,25,0,T10_power_ramp,ramps,solid_conduction_contact_constant_convection,left_zero_order_hold,COMSOL Electronic Chip Cooling
8,25,25,25,0,25,25,0,T10_power_ramp,ramps,solid_conduction_contact_constant_convection,left_zero_order_hold,COMSOL Electronic Chip Cooling
10,25,25,25,0,25,25,0,T10_power_ramp,ramps,solid_conduction_contact_constant_convection,left_zero_order_hold,COMSOL Electronic Chip Cooling
12,25,25,25,0,25,25,0,T10_power_ramp,ramps,solid_conduction_contact_constant_convection,left_zero_order_hold,COMSOL Electronic Chip Cooling
14,25,25,25,0,25,25,0,T10_power_ramp,ramps,solid_conduction_contact_constant_convection,left_zero_order_hold,COMSOL Electronic Chip Cooling
16,25,25,25,0,25,25,0,T10_power_ramp,ramps,solid_conduction_contact_constant_convection,left_zero_order_hold,COMSOL Electronic Chip Cooling
18,25,25,25,0,25,25,0,T10_power_ramp,ramps,solid_conduction_contact_constant_convection,left_zero_order_hold,COMSOL Electronic Chip Cooling
20,25,25,25,0,25,25,0,T10_power_ramp,ramps,solid_conduction_contact_constant_convection,left_zero_order_hold,COMSOL Electronic Chip Cooling
22,25,25,25,0,25,25,0,T10_power_ramp,ramps,solid_conduction_contact_constant_convection,left_zero_order_hold,COMSOL Electronic Chip Cooling
24,25,25,25,0,25,25,0,T10_power_ramp,ramps,solid_conduction_contact_constant_convection,left_zero_order_hold,COMSOL Electronic Chip Cooling
26,25,25,25,0,25,25,0,T10_power_ramp,ramps,solid_conduction_contact_constant_convection,left_zero_order_hold,COMSOL Electronic Chip Cooling
28,25,25,25,0,25,25,0,T10_power_ramp,ramps,solid_conduction_contact_constant_convection,left_zero_order_hold,COMSOL Electronic Chip Cooling
30,25,25,25,0,25,25,0,T10_power_ramp,ramps,solid_conduction_contact_constant_convection,left_zero_order_hold,COMSOL Electronic Chip Cooling
32,25,25,25,0,25,25,0,T10_power_ramp,ramps,solid_conduction_contact_constant_convection,left_zero_order_hold,COMSOL Electronic Chip Cooling
34,25,25,25,0,25,25,0,T10_power_ramp,ramps,solid_conduction_contact_constant_convection,left_zero_order_hold,COMSOL Electronic Chip Cooling
36,25,25,25,0,25,25,0,T10_power_ramp,ramps,solid_conduction_contact_constant_convection,left_zero_order_hold,COMSOL Electronic Chip Cooling
38,25,25,25,0,25,25,0,T10_power_ramp,ramps,solid_conduction_contact_constant_convection,left_zero_order_hold,COMSOL Electronic Chip Cooling
40,25,25,25,0,25,25,0,T10_power_ramp,ramps,solid_conduction_contact_constant_convection,left_zero_order_hold,COMSOL Electronic Chip Cooling
42,25,25,25,0,25,25,0,T10_power_ramp,ramps,solid_conduction_contact_constant_convection,left_zero_order_hold,COMSOL Electronic Chip Cooling
44,25,25,25,0,25,25,0,T10_power_ramp,ramps,solid_conduction_contact_constant_convection,left_zero_order_hold,COMSOL Electronic Chip Cooling
46,25,25,25,0,25,25,0,T10_power_ramp,ramps,solid_conduction_contact_constant_convection,left_zero_order_hold,COMSOL Electronic Chip Cooling
48,25,25,25,0,25,25,0,T10_power_ramp,ramps,solid_conduction_contact_constant_convection,left_zero_order_hold,COMSOL Electronic Chip Cooling
50,25,25,25,0,25,25,0,T10_power_ramp,ramps,solid_conduction_contact_constant_convection,left_zero_order_hold,COMSOL Electronic Chip Cooling
52,25,25,25,0,25,25,0,T10_power_ramp,ramps,solid_conduction_contact_constant_convection,left_zero_order_hold,COMSOL Electronic Chip Cooling
54,25,25,25,0,25,25,0,T10_power_ramp,ramps,solid_conduction_contact_constant_convection,left_zero_order_hold,COMSOL Electronic Chip Cooling
56,25,25,25,0,25,25,0,T10_power_ramp,ramps,solid_conduction_contact_constant_convection,left_zero_order_hold,COMSOL Electronic Chip Cooling
58,25,25,25,0,25,25,0,T10_power_ramp,ramps,solid_conduction_contact_constant_convection,left_zero_order_hold,COMSOL Electronic Chip Cooling
60,25,25,25,0,25,25,0,T10_power_ramp,ramps,solid_conduction_contact_constant_convection,left_zero_order_hold,COMSOL Electronic Chip Cooling
62,25,25,25,0,25,25,0,T10_power_ramp,ramps,solid_conduction_contact_constant_convection,left_zero_order_hold,COMSOL Electronic Chip Cooling
64,25,25,25,0,25,25,0,T10_power_ramp,ramps,solid_conduction_contact_constant_convection,left_zero_order_hold,COMSOL Electronic Chip Cooling
66,25,25,25,0,25,25,0,T10_power_ramp,ramps,solid_conduction_contact_constant_convection,left_zero_order_hold,COMSOL Electronic Chip Cooling
68,25,25,25,0,25,25,0,T10_power_ramp,ramps,solid_conduction_contact_constant_convection,left_zero_order_hold,COMSOL Electronic Chip Cooling
70,25,25,25,0,25,25,0,T10_power_ramp,ramps,solid_conduction_contact_constant_convection,left_zero_order_hold,COMSOL Electronic Chip Cooling
72,25,25,25,0,25,25,0,T10_power_ramp,ramps,solid_conduction_contact_constant_convection,left_zero_order_hold,COMSOL Electronic Chip Cooling
74,25,25,25,0,25,25,0,T10_power_ramp,ramps,solid_conduction_contact_constant_convection,left_zero_order_hold,COMSOL Electronic Chip Cooling
76,25,25,25,0,25,25,0,T10_power_ramp,ramps,solid_conduction_contact_constant_convection,left_zero_order_hold,COMSOL Electronic Chip Cooling
78,25,25,25,0,25,25,0,T10_power_ramp,ramps,solid_conduction_contact_constant_convection,left_zero_order_hold,COMSOL Electronic Chip Cooling
80,25,25,25,0,25,25,0,T10_power_ramp,ramps,solid_conduction_contact_constant_convection,left_zero_order_hold,COMSOL Electronic Chip Cooling
82,25,25,25,0.1090909091,25,25,0,T10_power_ramp,ramps,solid_conduction_contact_constant_convection,left_zero_order_hold,COMSOL Electronic Chip Cooling
84,25.00507253,25.00348467,25.0012607,0.2181818182,25,25.00583431,0,T10_power_ramp,ramps,solid_conduction_contact_constant_convection,left_zero_order_hold,COMSOL Electronic Chip Cooling
86,25.01425501,25.01051006,25.00438014,0.3272727273,25,25.01614511,0,T10_power_ramp,ramps,solid_conduction_contact_constant_convection,left_zero_order_hold,COMSOL Electronic Chip Cooling
88,25.02613509,25.02011286,25.00911974,0.4363636364,25,25.02928638,0,T10_power_ramp,ramps,solid_conduction_contact_constant_convection,left_zero_order_hold,COMSOL Electronic Chip Cooling
90,25.04068109,25.0324236,25.01595854,0.5454545455,25,25.04511848,0,T10_power_ramp,ramps,solid_conduction_contact_constant_convection,left_zero_order_hold,COMSOL Electronic Chip Cooling
92,25.05801917,25.04750789,25.02519874,0.6545454545,25,25.06376255,0,T10_power_ramp,ramps,solid_conduction_contact_constant_convection,left_zero_order_hold,COMSOL Electronic Chip Cooling
94,25.07815482,25.06534053,25.03696831,0.7636363636,25,25.08523323,0,T10_power_ramp,ramps,solid_conduction_contact_constant_convection,left_zero_order_hold,COMSOL Electronic Chip Cooling
96,25.10101832,25.08587769,25.05131466,0.8727272727,25,25.10945422,0,T10_power_ramp,ramps,solid_conduction_contact_constant_convection,left_zero_order_hold,COMSOL Electronic Chip Cooling
98,25.12655073,25.10907962,25.06825185,0.9818181818,25,25.13635598,0,T10_power_ramp,ramps,solid_conduction_contact_constant_convection,left_zero_order_hold,COMSOL Electronic Chip Cooling
100,25.15472178,25.13491598,25.08777887,1.090909091,25,25.16590289,0,T10_power_ramp,ramps,solid_conduction_contact_constant_convection,left_zero_order_hold,COMSOL Electronic Chip Cooling
102,25.18551273,25.16336583,25.10988829,1.2,25,25.19807478,0,T10_power_ramp,ramps,solid_conduction_contact_constant_convection,left_zero_order_hold,COMSOL Electronic Chip Cooling
104,25.2189065,25.19441363,25.13457041,1.309090909,25,25.23285397,0,T10_power_ramp,ramps,solid_conduction_contact_constant_convection,left_zero_order_hold,COMSOL Electronic Chip Cooling
106,25.25488756,25.2280455,25.16181477,1.418181818,25,25.27022413,0,T10_power_ramp,ramps,solid_conduction_contact_constant_convection,left_zero_order_hold,COMSOL Electronic Chip Cooling
108,25.29344221,25.26424805,25.19161037,1.527272727,25,25.31017085,0,T10_power_ramp,ramps,solid_conduction_contact_constant_convection,left_zero_order_hold,COMSOL Electronic Chip Cooling
110,25.33455762,25.30300843,25.22394587,1.636363636,25,25.35268082,0,T10_power_ramp,ramps,solid_conduction_contact_constant_convection,left_zero_order_hold,COMSOL Electronic Chip Cooling
112,25.37822119,25.34431427,25.25880969,1.745454545,25,25.39774114,0,T10_power_ramp,ramps,solid_conduction_contact_constant_convection,left_zero_order_hold,COMSOL Electronic Chip Cooling
114,25.42442055,25.38815343,25.29619018,1.854545455,25,25.44533929,0,T10_power_ramp,ramps,solid_conduction_contact_constant_convection,left_zero_order_hold,COMSOL Electronic Chip Cooling
116,25.47314359,25.43451389,25.33607566,1.963636364,25,25.49546298,0,T10_power_ramp,ramps,solid_conduction_contact_constant_convection,left_zero_order_hold,COMSOL Electronic Chip Cooling
118,25.52437834,25.48338372,25.37845446,2.072727273,25,25.54810014,0,T10_power_ramp,ramps,solid_conduction_contact_constant_convection,left_zero_order_hold,COMSOL Electronic Chip Cooling
120,25.57811292,25.53475111,25.42331494,2.181818182,25,25.60323881,0,T10_power_ramp,ramps,solid_conduction_contact_constant_convection,left_zero_order_hold,COMSOL Electronic Chip Cooling
122,25.63433554,25.5886043,25.4706455,2.290909091,25,25.66086714,0,T10_power_ramp,ramps,solid_conduction_contact_constant_convection,left_zero_order_hold,COMSOL Electronic Chip Cooling
124,25.69303448,25.64493161,25.52043458,2.4,25,25.72097336,0,T10_power_ramp,ramps,solid_conduction_contact_constant_convection,left_zero_order_hold,COMSOL Electronic Chip Cooling
126,25.7541981,25.70372143,25.57267066,2.509090909,25,25.7835458,0,T10_power_ramp,ramps,solid_conduction_contact_constant_convection,left_zero_order_hold,COMSOL Electronic Chip Cooling
128,25.81781482,25.76496219,25.62734227,2.618181818,25,25.84857284,0,T10_power_ramp,ramps,solid_conduction_contact_constant_convection,left_zero_order_hold,COMSOL Electronic Chip Cooling
130,25.88387311,25.82864239,25.68443801,2.727272727,25,25.91604295,0,T10_power_ramp,ramps,solid_conduction_contact_constant_convection,left_zero_order_hold,COMSOL Electronic Chip Cooling
132,25.95236152,25.89475058,25.7439465,2.836363636,25,25.98594465,0,T10_power_ramp,ramps,solid_conduction_contact_constant_convection,left_zero_order_hold,COMSOL Electronic Chip Cooling
134,26.02326863,25.96327538,25.80585644,2.945454545,25,26.05826652,0,T10_power_ramp,ramps,solid_conduction_contact_constant_convection,left_zero_order_hold,COMSOL Electronic Chip Cooling
136,26.0965831,26.03420544,25.87015657,3.054545455,25,26.13299719,0,T10_power_ramp,ramps,solid_conduction_contact_constant_convection,left_zero_order_hold,COMSOL Electronic Chip Cooling
138,26.17229364,26.10752948,25.93683567,3.163636364,25,26.21012536,0,T10_power_ramp,ramps,solid_conduction_contact_constant_convection,left_zero_order_hold,COMSOL Electronic Chip Cooling
140,26.25038899,26.18323628,26.00588259,3.272727273,25,26.28963978,0,T10_power_ramp,ramps,solid_conduction_contact_constant_convection,left_zero_order_hold,COMSOL Electronic Chip Cooling
142,26.33085799,26.26131465,26.07728624,3.381818182,25,26.37152926,0,T10_power_ramp,ramps,solid_conduction_contact_constant_convection,left_zero_order_hold,COMSOL Electronic Chip Cooling
144,26.41368948,26.34175348,26.15103554,3.490909091,25,26.45578265,0,T10_power_ramp,ramps,solid_conduction_contact_constant_convection,left_zero_order_hold,COMSOL Electronic Chip Cooling
146,26.4988724,26.42454169,26.22711952,3.6,25,26.54238886,0,T10_power_ramp,ramps,solid_conduction_contact_constant_convection,left_zero_order_hold,COMSOL Electronic Chip Cooling
148,26.58639571,26.50966827,26.3055272,3.709090909,25,26.63133686,0,T10_power_ramp,ramps,solid_conduction_contact_constant_convection,left_zero_order_hold,COMSOL Electronic Chip Cooling
150,26.67624843,26.59712224,26.38624771,3.818181818,25,26.72261566,0,T10_power_ramp,ramps,solid_conduction_contact_constant_convection,left_zero_order_hold,COMSOL Electronic Chip Cooling
152,26.76841964,26.68689269,26.46927018,3.927272727,25,26.81621433,0,T10_power_ramp,ramps,solid_conduction_contact_constant_convection,left_zero_order_hold,COMSOL Electronic Chip Cooling
154,26.86289846,26.77896876,26.55458383,4.036363636,25,26.91212199,0,T10_power_ramp,ramps,solid_conduction_contact_constant_convection,left_zero_order_hold,COMSOL Electronic Chip Cooling
156,26.95967408,26.87333963,26.64217791,4.145454545,25,27.01032781,0,T10_power_ramp,ramps,solid_conduction_contact_constant_convection,left_zero_order_hold,COMSOL Electronic Chip Cooling
158,27.05873572,26.96999455,26.73204173,4.254545455,25,27.11082101,0,T10_power_ramp,ramps,solid_conduction_contact_constant_convection,left_zero_order_hold,COMSOL Electronic Chip Cooling
160,27.16007266,27.06892279,26.82416463,4.363636364,25,27.21359087,0,T10_power_ramp,ramps,solid_conduction_contact_constant_convection,left_zero_order_hold,COMSOL Electronic Chip Cooling
162,27.26367422,27.17011369,26.91853602,4.472727273,25,27.3186267,0,T10_power_ramp,ramps,solid_conduction_contact_constant_convection,left_zero_order_hold,COMSOL Electronic Chip Cooling
164,27.36952979,27.27355666,27.01514537,4.581818182,25,27.42591788,0,T10_power_ramp,ramps,solid_conduction_contact_constant_convection,left_zero_order_hold,COMSOL Electronic Chip Cooling
166,27.47762879,27.37924111,27.11398216,4.690909091,25,27.53545383,0,T10_power_ramp,ramps,solid_conduction_contact_constant_convection,left_zero_order_hold,COMSOL Electronic Chip Cooling
168,27.58796071,27.48715654,27.21503596,4.8,25,27.64722402,0,T10_power_ramp,ramps,solid_conduction_contact_constant_convection,left_zero_order_hold,COMSOL Electronic Chip Cooling
170,27.70051507,27.59729249,27.31829637,4.909090909,25,27.76121797,0,T10_power_ramp,ramps,solid_conduction_contact_constant_convection,left_zero_order_hold,COMSOL Electronic Chip Cooling
172,27.81528144,27.70963854,27.42375304,5.018181818,25,27.87742526,0,T10_power_ramp,ramps,solid_conduction_contact_constant_convection,left_zero_order_hold,COMSOL Electronic Chip Cooling
174,27.93224946,27.82418433,27.53139567,5.127272727,25,27.9958355,0,T10_power_ramp,ramps,solid_conduction_contact_constant_convection,left_zero_order_hold,COMSOL Electronic Chip Cooling
176,28.05140879,27.94091953,27.641214,5.236363636,25,28.11643837,0,T10_power_ramp,ramps,solid_conduction_contact_constant_convection,left_zero_order_hold,COMSOL Electronic Chip Cooling
178,28.17274916,28.05983389,27.75319783,5.345454545,25,28.23922357,0,T10_power_ramp,ramps,solid_conduction_contact_constant_convection,left_zero_order_hold,COMSOL Electronic Chip Cooling
180,28.29626035,28.18091718,27.86733701,5.454545455,25,28.36418087,0,T10_power_ramp,ramps,solid_conduction_contact_constant_convection,left_zero_order_hold,COMSOL Electronic Chip Cooling
182,28.42193216,28.30415923,27.98362143,5.563636364,25,28.49130009,0,T10_power_ramp,ramps,solid_conduction_contact_constant_convection,left_zero_order_hold,COMSOL Electronic Chip Cooling
184,28.54975447,28.42954991,28.10204102,5.672727273,25,28.62057109,0,T10_power_ramp,ramps,solid_conduction_contact_constant_convection,left_zero_order_hold,COMSOL Electronic Chip Cooling
186,28.67971719,28.55707915,28.22258577,5.781818182,25,28.75198377,0,T10_power_ramp,ramps,solid_conduction_contact_constant_convection,left_zero_order_hold,COMSOL Electronic Chip Cooling
188,28.81181028,28.68673691,28.34524572,5.890909091,25,28.88552809,0,T10_power_ramp,ramps,solid_conduction_contact_constant_convection,left_zero_order_hold,COMSOL Electronic Chip Cooling
190,28.94602375,28.81851322,28.47001095,6,25,29.02119405,0,T10_power_ramp,ramps,solid_conduction_contact_constant_convection,left_zero_order_hold,COMSOL Electronic Chip Cooling
192,29.08234766,28.95239814,28.59687157,6.109090909,25,29.15897171,0,T10_power_ramp,ramps,solid_conduction_contact_constant_convection,left_zero_order_hold,COMSOL Electronic Chip Cooling
194,29.2207721,29.08838177,28.72581777,6.218181818,25,29.29885115,0,T10_power_ramp,ramps,solid_conduction_contact_constant_convection,left_zero_order_hold,COMSOL Electronic Chip Cooling
196,29.36128723,29.22645428,28.85683976,6.327272727,25,29.44082252,0,T10_power_ramp,ramps,solid_conduction_contact_constant_convection,left_zero_order_hold,COMSOL Electronic Chip Cooling
198,29.50388324,29.36660587,28.98992781,6.436363636,25,29.58487602,0,T10_power_ramp,ramps,solid_conduction_contact_constant_convection,left_zero_order_hold,COMSOL Electronic Chip Cooling
200,29.64855038,29.50882679,29.12507222,6.545454545,25,29.73100187,0,T10_power_ramp,ramps,solid_conduction_contact_constant_convection,left_zero_order_hold,COMSOL Electronic Chip Cooling
202,29.79527892,29.65310733,29.26226336,6.654545455,25,29.87919035,0,T10_power_ramp,ramps,solid_conduction_contact_constant_convection,left_zero_order_hold,COMSOL Electronic Chip Cooling
204,29.94405919,29.79943784,29.40149161,6.763636364,25,30.02943179,0,T10_power_ramp,ramps,solid_conduction_contact_constant_convection,left_zero_order_hold,COMSOL Electronic Chip Cooling
206,30.09488159,29.94780869,29.54274744,6.872727273,25,30.18171657,0,T10_power_ramp,ramps,solid_conduction_contact_constant_convection,left_zero_order_hold,COMSOL Electronic Chip Cooling
208,30.24773653,30.09821032,29.68602133,6.981818182,25,30.33603509,0,T10_power_ramp,ramps,solid_conduction_contact_constant_convection,left_zero_order_hold,COMSOL Electronic Chip Cooling
210,30.40261447,30.25063321,29.83130381,7.090909091,25,30.49237783,0,T10_power_ramp,ramps,solid_conduction_contact_constant_convection,left_zero_order_hold,COMSOL Electronic Chip Cooling
212,30.55950593,30.40506787,29.97858547,7.2,25,30.65073528,0,T10_power_ramp,ramps,solid_conduction_contact_constant_convection,left_zero_order_hold,COMSOL Electronic Chip Cooling
214,30.71840147,30.56150488,30.12785692,7.309090909,25,30.81109801,0,T10_power_ramp,ramps,solid_conduction_contact_constant_convection,left_zero_order_hold,COMSOL Electronic Chip Cooling
216,30.87929168,30.71993483,30.27910884,7.418181818,25,30.97345659,0,T10_power_ramp,ramps,solid_conduction_contact_constant_convection,left_zero_order_hold,COMSOL Electronic Chip Cooling
218,31.04216722,30.88034838,30.43233194,7.527272727,25,31.13780168,0,T10_power_ramp,ramps,solid_conduction_contact_constant_convection,left_zero_order_hold,COMSOL Electronic Chip Cooling
220,31.20701876,31.04273624,30.58751698,7.636363636,25,31.30412396,0,T10_power_ramp,ramps,solid_conduction_contact_constant_convection,left_zero_order_hold,COMSOL Electronic Chip Cooling
222,31.37383705,31.20708913,30.74465474,7.745454545,25,31.47241415,0,T10_power_ramp,ramps,solid_conduction_contact_constant_convection,left_zero_order_hold,COMSOL Electronic Chip Cooling
224,31.54261285,31.37339785,30.90373608,7.854545455,25,31.64266302,0,T10_power_ramp,ramps,solid_conduction_contact_constant_convection,left_zero_order_hold,COMSOL Electronic Chip Cooling
226,31.713337,31.54165322,31.06475187,7.963636364,25,31.81486139,0,T10_power_ramp,ramps,solid_conduction_contact_constant_convection,left_zero_order_hold,COMSOL Electronic Chip Cooling
228,31.88600034,31.7118461,31.22769305,8.072727273,25,31.98900012,0,T10_power_ramp,ramps,solid_conduction_contact_constant_convection,left_zero_order_hold,COMSOL Electronic Chip Cooling
230,32.06059379,31.88396743,31.39255059,8.181818182,25,32.1650701,0,T10_power_ramp,ramps,solid_conduction_contact_constant_convection,left_zero_order_hold,COMSOL Electronic Chip Cooling
232,32.23710829,32.05800814,31.55931549,8.290909091,25,32.34306227,0,T10_power_ramp,ramps,solid_conduction_contact_constant_convection,left_zero_order_hold,COMSOL Electronic Chip Cooling
234,32.41553483,32.23395924,31.72797881,8.4,25,32.52296763,0,T10_power_ramp,ramps,solid_conduction_contact_constant_convection,left_zero_order_hold,COMSOL Electronic Chip Cooling
236,32.59586445,32.41181177,31.89853166,8.509090909,25,32.7047772,0,T10_power_ramp,ramps,solid_conduction_contact_constant_convection,left_zero_order_hold,COMSOL Electronic Chip Cooling
238,32.77808822,32.5915568,32.07096516,8.618181818,25,32.88848204,0,T10_power_ramp,ramps,solid_conduction_contact_constant_convection,left_zero_order_hold,COMSOL Electronic Chip Cooling
240,32.96219726,32.77318547,32.24527049,8.727272727,25,33.07407327,0,T10_power_ramp,ramps,solid_conduction_contact_constant_convection,left_zero_order_hold,COMSOL Electronic Chip Cooling
242,33.14818272,32.95668895,32.42143888,8.836363636,25,33.26154205,0,T10_power_ramp,ramps,solid_conduction_contact_constant_convection,left_zero_order_hold,COMSOL Electronic Chip Cooling
244,33.33603581,33.14205842,32.59946159,8.945454545,25,33.45087956,0,T10_power_ramp,ramps,solid_conduction_contact_constant_convection,left_zero_order_hold,COMSOL Electronic Chip Cooling
246,33.52574776,33.32928516,32.77932993,9.054545455,25,33.64207704,0,T10_power_ramp,ramps,solid_conduction_contact_constant_convection,left_zero_order_hold,COMSOL Electronic Chip Cooling
248,33.71730985,33.51836044,32.96103523,9.163636364,25,33.83512577,0,T10_power_ramp,ramps,solid_conduction_contact_constant_convection,left_zero_order_hold,COMSOL Electronic Chip Cooling
250,33.91071342,33.70927559,33.14456888,9.272727273,25,34.03001707,0,T10_power_ramp,ramps,solid_conduction_contact_constant_convection,left_zero_order_hold,COMSOL Electronic Chip Cooling
252,34.10594982,33.90202199,33.3299223,9.381818182,25,34.22674229,0,T10_power_ramp,ramps,solid_conduction_contact_constant_convection,left_zero_order_hold,COMSOL Electronic Chip Cooling
254,34.30301046,34.09659105,33.51708697,9.490909091,25,34.42529283,0,T10_power_ramp,ramps,solid_conduction_contact_constant_convection,left_zero_order_hold,COMSOL Electronic Chip Cooling
256,34.50188678,34.29297422,33.70605439,9.6,25,34.62566014,0,T10_power_ramp,ramps,solid_conduction_contact_constant_convection,left_zero_order_hold,COMSOL Electronic Chip Cooling
258,34.70257026,34.49116299,33.8968161,9.709090909,25,34.82783568,0,T10_power_ramp,ramps,solid_conduction_contact_constant_convection,left_zero_order_hold,COMSOL Electronic Chip Cooling
260,34.90505244,34.69114889,34.08936368,9.818181818,25,35.03181099,0,T10_power_ramp,ramps,solid_conduction_contact_constant_convection,left_zero_order_hold,COMSOL Electronic Chip Cooling
262,35.10932487,34.89292349,34.28368876,9.927272727,25,35.23757762,0,T10_power_ramp,ramps,solid_conduction_contact_constant_convection,left_zero_order_hold,COMSOL Electronic Chip Cooling
264,35.31537915,35.09647841,34.47978301,10.03636364,25,35.44512717,0,T10_power_ramp,ramps,solid_conduction_contact_constant_convection,left_zero_order_hold,COMSOL Electronic Chip Cooling
266,35.52320694,35.3018053,34.67763813,10.14545455,25,35.65445128,0,T10_power_ramp,ramps,solid_conduction_contact_constant_convection,left_zero_order_hold,COMSOL Electronic Chip Cooling
268,35.73279991,35.50889584,34.87724585,10.25454545,25,35.86554161,0,T10_power_ramp,ramps,solid_conduction_contact_constant_convection,left_zero_order_hold,COMSOL Electronic Chip Cooling
270,35.94414979,35.71774177,35.07859796,10.36363636,25,36.0783899,0,T10_power_ramp,ramps,solid_conduction_contact_constant_convection,left_zero_order_hold,COMSOL Electronic Chip Cooling
272,36.15724833,35.92833484,35.28168628,10.47272727,25,36.2929879,0,T10_power_ramp,ramps,solid_conduction_contact_constant_convection,left_zero_order_hold,COMSOL Electronic Chip Cooling
274,36.37208734,36.14066687,35.48650267,10.58181818,25,36.5093274,0,T10_power_ramp,ramps,solid_conduction_contact_constant_convection,left_zero_order_hold,COMSOL Electronic Chip Cooling
276,36.58865864,36.35472971,35.69303901,10.69090909,25,36.72740022,0,T10_power_ramp,ramps,solid_conduction_contact_constant_convection,left_zero_order_hold,COMSOL Electronic Chip Cooling
278,36.80695412,36.57051522,35.90128725,10.8,25,36.94719825,0,T10_power_ramp,ramps,solid_conduction_contact_constant_convection,left_zero_order_hold,COMSOL Electronic Chip Cooling
280,37.0269657,36.78801534,36.11123935,10.90909091,25,37.16871339,0,T10_power_ramp,ramps,solid_conduction_contact_constant_convection,left_zero_order_hold,COMSOL Electronic Chip Cooling
282,37.24868531,37.00722203,36.32288732,11.01818182,25,37.39193759,0,T10_power_ramp,ramps,solid_conduction_contact_constant_convection,left_zero_order_hold,COMSOL Electronic Chip Cooling
284,37.47210495,37.22812727,36.53622322,11.12727273,25,37.61686284,0,T10_power_ramp,ramps,solid_conduction_contact_constant_convection,left_zero_order_hold,COMSOL Electronic Chip Cooling
286,37.69721665,37.4507231,36.75123911,11.23636364,25,37.84348114,0,T10_power_ramp,ramps,solid_conduction_contact_constant_convection,left_zero_order_hold,COMSOL Electronic Chip Cooling
288,37.92401248,37.6750016,36.96792713,11.34545455,25,38.07178457,0,T10_power_ramp,ramps,solid_conduction_contact_constant_convection,left_zero_order_hold,COMSOL Electronic Chip Cooling
290,38.15248452,37.90095486,37.18627944,11.45454545,25,38.30176523,0,T10_power_ramp,ramps,solid_conduction_contact_constant_convection,left_zero_order_hold,COMSOL Electronic Chip Cooling
292,38.38262493,38.12857505,37.40628822,11.56363636,25,38.53341523,0,T10_power_ramp,ramps,solid_conduction_contact_constant_convection,left_zero_order_hold,COMSOL Electronic Chip Cooling
294,38.61442587,38.35785433,37.6279457,11.67272727,25,38.76672676,0,T10_power_ramp,ramps,solid_conduction_contact_constant_convection,left_zero_order_hold,COMSOL Electronic Chip Cooling
296,38.84787957,38.58878494,37.85124416,11.78181818,25,39.00169203,0,T10_power_ramp,ramps,solid_conduction_contact_constant_convection,left_zero_order_hold,COMSOL Electronic Chip Cooling
298,39.08297826,38.82135911,38.0761759,11.89090909,25,39.23830327,0,T10_power_ramp,ramps,solid_conduction_contact_constant_convection,left_zero_order_hold,COMSOL Electronic Chip Cooling
300,39.31971423,39.05556915,38.30273326,12,25,39.47655277,0,T10_power_ramp,ramps,solid_conduction_contact_constant_convection,left_zero_order_hold,COMSOL Electronic Chip Cooling
302,39.55807981,39.29140739,38.53090861,11.91111111,25,39.71643284,0,T10_power_ramp,ramps,solid_conduction_contact_constant_convection,left_zero_order_hold,COMSOL Electronic Chip Cooling
304,39.7910607,39.52452394,38.75942596,11.82222222,25,39.94972641,0,T10_power_ramp,ramps,solid_conduction_contact_constant_convection,left_zero_order_hold,COMSOL Electronic Chip Cooling
306,40.01792847,39.75300142,38.98689095,11.73333333,25,40.17600492,0,T10_power_ramp,ramps,solid_conduction_contact_constant_convection,left_zero_order_hold,COMSOL Electronic Chip Cooling
308,40.24018468,39.97685322,39.21219965,11.64444444,25,40.39743005,0,T10_power_ramp,ramps,solid_conduction_contact_constant_convection,left_zero_order_hold,COMSOL Electronic Chip Cooling
310,40.45858873,40.1967113,39.43474,11.55555556,25,40.61500223,0,T10_power_ramp,ramps,solid_conduction_contact_constant_convection,left_zero_order_hold,COMSOL Electronic Chip Cooling
312,40.67334608,40.41303783,39.65425937,11.46666667,25,40.82890041,0,T10_power_ramp,ramps,solid_conduction_contact_constant_convection,left_zero_order_hold,COMSOL Electronic Chip Cooling
314,40.8846408,40.62601396,39.87066574,11.37777778,25,41.03928025,0,T10_power_ramp,ramps,solid_conduction_contact_constant_convection,left_zero_order_hold,COMSOL Electronic Chip Cooling
316,41.09263438,40.83570268,40.08392394,11.28888889,25,41.24632137,0,T10_power_ramp,ramps,solid_conduction_contact_constant_convection,left_zero_order_hold,COMSOL Electronic Chip Cooling
318,41.29739242,41.04214833,40.29402421,11.2,25,41.4501113,0,T10_power_ramp,ramps,solid_conduction_contact_constant_convection,left_zero_order_hold,COMSOL Electronic Chip Cooling
320,41.49893221,41.24538583,40.50097068,11.11111111,25,41.650675,0,T10_power_ramp,ramps,solid_conduction_contact_constant_convection,left_zero_order_hold,COMSOL Electronic Chip Cooling
322,41.69727358,41.44543776,40.70477297,11.02222222,25,41.84803282,0,T10_power_ramp,ramps,solid_conduction_contact_constant_convection,left_zero_order_hold,COMSOL Electronic Chip Cooling
324,41.8924412,41.64232175,40.90544209,10.93333333,25,42.04220989,0,T10_power_ramp,ramps,solid_conduction_contact_constant_convection,left_zero_order_hold,COMSOL Electronic Chip Cooling
326,42.08445543,41.83605564,41.10298986,10.84444444,25,42.23322801,0,T10_power_ramp,ramps,solid_conduction_contact_constant_convection,left_zero_order_hold,COMSOL Electronic Chip Cooling
328,42.27333276,42.02665676,41.29742917,10.75555556,25,42.42110504,0,T10_power_ramp,ramps,solid_conduction_contact_constant_convection,left_zero_order_hold,COMSOL Electronic Chip Cooling
330,42.45908902,42.21414098,41.48877371,10.66666667,25,42.60585762,0,T10_power_ramp,ramps,solid_conduction_contact_constant_convection,left_zero_order_hold,COMSOL Electronic Chip Cooling
332,42.64173997,42.39852329,41.67703754,10.57777778,25,42.78750193,0,T10_power_ramp,ramps,solid_conduction_contact_constant_convection,left_zero_order_hold,COMSOL Electronic Chip Cooling
334,42.82130078,42.57981849,41.86223483,10.48888889,25,42.96605341,0,T10_power_ramp,ramps,solid_conduction_contact_constant_convection,left_zero_order_hold,COMSOL Electronic Chip Cooling
336,42.99778621,42.75804131,42.04437977,10.4,25,43.14152705,0,T10_power_ramp,ramps,solid_conduction_contact_constant_convection,left_zero_order_hold,COMSOL Electronic Chip Cooling
338,43.17121086,42.93320629,42.22348656,10.31111111,25,43.31393766,0,T10_power_ramp,ramps,solid_conduction_contact_constant_convection,left_zero_order_hold,COMSOL Electronic Chip Cooling
340,43.34158927,43.10532787,42.39956937,10.22222222,25,43.48329991,0,T10_power_ramp,ramps,solid_conduction_contact_constant_convection,left_zero_order_hold,COMSOL Electronic Chip Cooling
342,43.50893585,43.27442036,42.57264232,10.13333333,25,43.6496283,0,T10_power_ramp,ramps,solid_conduction_contact_constant_convection,left_zero_order_hold,COMSOL Electronic Chip Cooling
344,43.67326488,43.440498,42.74271949,10.04444444,25,43.81293718,0,T10_power_ramp,ramps,solid_conduction_contact_constant_convection,left_zero_order_hold,COMSOL Electronic Chip Cooling
346,43.83459057,43.60357497,42.9098149,9.955555556,25,43.97324081,0,T10_power_ramp,ramps,solid_conduction_contact_constant_convection,left_zero_order_hold,COMSOL Electronic Chip Cooling
348,43.99292704,43.76366536,43.07394253,9.866666667,25,44.13055336,0,T10_power_ramp,ramps,solid_conduction_contact_constant_convection,left_zero_order_hold,COMSOL Electronic Chip Cooling
350,44.14828833,43.92078318,43.23511627,9.777777778,25,44.28488889,0,T10_power_ramp,ramps,solid_conduction_contact_constant_convection,left_zero_order_hold,COMSOL Electronic Chip Cooling
352,44.30068842,44.07494239,43.39334998,9.688888889,25,44.43626142,0,T10_power_ramp,ramps,solid_conduction_contact_constant_convection,left_zero_order_hold,COMSOL Electronic Chip Cooling
354,44.4501412,44.22615686,43.54865744,9.6,25,44.58468485,0,T10_power_ramp,ramps,solid_conduction_contact_constant_convection,left_zero_order_hold,COMSOL Electronic Chip Cooling
356,44.59666051,44.37444042,43.70105235,9.511111111,25,44.73017305,0,T10_power_ramp,ramps,solid_conduction_contact_constant_convection,left_zero_order_hold,COMSOL Electronic Chip Cooling
358,44.74026012,44.51980682,43.85054839,9.422222222,25,44.87273978,0,T10_power_ramp,ramps,solid_conduction_contact_constant_convection,left_zero_order_hold,COMSOL Electronic Chip Cooling
360,44.88095372,44.66226972,43.99715915,9.333333333,25,45.01239877,0,T10_power_ramp,ramps,solid_conduction_contact_constant_convection,left_zero_order_hold,COMSOL Electronic Chip Cooling
362,45.01875495,44.80184277,44.14089815,9.244444444,25,45.14916365,0,T10_power_ramp,ramps,solid_conduction_contact_constant_convection,left_zero_order_hold,COMSOL Electronic Chip Cooling
364,45.15367738,44.9385395,44.28177886,9.155555556,25,45.283048,0,T10_power_ramp,ramps,solid_conduction_contact_constant_convection,left_zero_order_hold,COMSOL Electronic Chip Cooling
366,45.28573449,45.07237342,44.41981469,9.066666667,25,45.41406534,0,T10_power_ramp,ramps,solid_conduction_contact_constant_convection,left_zero_order_hold,COMSOL Electronic Chip Cooling
368,45.41493975,45.20335794,44.55501898,8.977777778,25,45.54222912,0,T10_power_ramp,ramps,solid_conduction_contact_constant_convection,left_zero_order_hold,COMSOL Electronic Chip Cooling
370,45.54130652,45.33150644,44.68740501,8.888888889,25,45.66755272,0,T10_power_ramp,ramps,solid_conduction_contact_constant_convection,left_zero_order_hold,COMSOL Electronic Chip Cooling
372,45.66484812,45.4568322,44.81698599,8.8,25,45.79004946,0,T10_power_ramp,ramps,solid_conduction_contact_constant_convection,left_zero_order_hold,COMSOL Electronic Chip Cooling
374,45.78557779,45.57934849,44.94377509,8.711111111,25,45.9097326,0,T10_power_ramp,ramps,solid_conduction_contact_constant_convection,left_zero_order_hold,COMSOL Electronic Chip Cooling
376,45.90350873,45.69906846,45.06778539,8.622222222,25,46.02661534,0,T10_power_ramp,ramps,solid_conduction_contact_constant_convection,left_zero_order_hold,COMSOL Electronic Chip Cooling
378,46.01865406,45.81600523,45.18902992,8.533333333,25,46.14071081,0,T10_power_ramp,ramps,solid_conduction_contact_constant_convection,left_zero_order_hold,COMSOL Electronic Chip Cooling
380,46.13102685,45.93017187,45.30752167,8.444444444,25,46.25203209,0,T10_power_ramp,ramps,solid_conduction_contact_constant_convection,left_zero_order_hold,COMSOL Electronic Chip Cooling
382,46.2406401,46.04158135,45.42327353,8.355555556,25,46.36059219,0,T10_power_ramp,ramps,solid_conduction_contact_constant_convection,left_zero_order_hold,COMSOL Electronic Chip Cooling
384,46.34750675,46.15024661,45.53629837,8.266666667,25,46.46640405,0,T10_power_ramp,ramps,solid_conduction_contact_constant_convection,left_zero_order_hold,COMSOL Electronic Chip Cooling
386,46.45163968,46.25618053,45.64660896,8.177777778,25,46.56948057,0,T10_power_ramp,ramps,solid_conduction_contact_constant_convection,left_zero_order_hold,COMSOL Electronic Chip Cooling
388,46.55305172,46.3593959,45.75421804,8.088888889,25,46.66983457,0,T10_power_ramp,ramps,solid_conduction_contact_constant_convection,left_zero_order_hold,COMSOL Electronic Chip Cooling
390,46.65175562,46.45990549,45.85913828,8,25,46.76747883,0,T10_power_ramp,ramps,solid_conduction_contact_constant_convection,left_zero_order_hold,COMSOL Electronic Chip Cooling
392,46.7477641,46.55772198,45.9613823,7.911111111,25,46.86242605,0,T10_power_ramp,ramps,solid_conduction_contact_constant_convection,left_zero_order_hold,COMSOL Electronic Chip Cooling
394,46.84108978,46.652858,46.06096263,7.822222222,25,46.95468889,0,T10_power_ramp,ramps,solid_conduction_contact_constant_convection,left_zero_order_hold,COMSOL Electronic Chip Cooling
396,46.93174525,46.74532612,46.15789178,7.733333333,25,47.04427992,0,T10_power_ramp,ramps,solid_conduction_contact_constant_convection,left_zero_order_hold,COMSOL Electronic Chip Cooling
398,47.01974304,46.83513886,46.25218217,7.644444444,25,47.13121169,0,T10_power_ramp,ramps,solid_conduction_contact_constant_convection,left_zero_order_hold,COMSOL Electronic Chip Cooling
400,47.10509561,46.92230867,46.34384619,7.555555556,25,47.21549666,0,T10_power_ramp,ramps,solid_conduction_contact_constant_convection,left_zero_order_hold,COMSOL Electronic Chip Cooling
402,47.18781536,47.00684794,46.43289615,7.466666667,25,47.29714725,0,T10_power_ramp,ramps,solid_conduction_contact_constant_convection,left_zero_order_hold,COMSOL Electronic Chip Cooling
404,47.26791465,47.08876902,46.51934431,7.377777778,25,47.37617581,0,T10_power_ramp,ramps,solid_conduction_contact_constant_convection,left_zero_order_hold,COMSOL Electronic Chip Cooling
406,47.34540576,47.16808418,46.60320288,7.288888889,25,47.45259465,0,T10_power_ramp,ramps,solid_conduction_contact_constant_convection,left_zero_order_hold,COMSOL Electronic Chip Cooling
408,47.42030092,47.24480564,46.68448399,7.2,25,47.52641599,0,T10_power_ramp,ramps,solid_conduction_contact_constant_convection,left_zero_order_hold,COMSOL Electronic Chip Cooling
410,47.49261232,47.31894557,46.76319975,7.111111111,25,47.59765203,0,T10_power_ramp,ramps,solid_conduction_contact_constant_convection,left_zero_order_hold,COMSOL Electronic Chip Cooling
412,47.56235206,47.39051608,46.83936217,7.022222222,25,47.66631488,0,T10_power_ramp,ramps,solid_conduction_contact_constant_convection,left_zero_order_hold,COMSOL Electronic Chip Cooling
414,47.62953222,47.45952921,46.91298323,6.933333333,25,47.73241662,0,T10_power_ramp,ramps,solid_conduction_contact_constant_convection,left_zero_order_hold,COMSOL Electronic Chip Cooling
416,47.69416479,47.52599696,46.98407486,6.844444444,25,47.79596926,0,T10_power_ramp,ramps,solid_conduction_contact_constant_convection,left_zero_order_hold,COMSOL Electronic Chip Cooling
418,47.75626172,47.58993127,47.05264892,6.755555556,25,47.85698476,0,T10_power_ramp,ramps,solid_conduction_contact_constant_convection,left_zero_order_hold,COMSOL Electronic Chip Cooling
420,47.81583491,47.65134402,47.11871721,6.666666667,25,47.915475,0,T10_power_ramp,ramps,solid_conduction_contact_constant_convection,left_zero_order_hold,COMSOL Electronic Chip Cooling
422,47.87289618,47.71024704,47.18229149,6.577777778,25,47.97145184,0,T10_power_ramp,ramps,solid_conduction_contact_constant_convection,left_zero_order_hold,COMSOL Electronic Chip Cooling
424,47.92745733,47.76665209,47.24338344,6.488888889,25,48.02492706,0,T10_power_ramp,ramps,solid_conduction_contact_constant_convection,left_zero_order_hold,COMSOL Electronic Chip Cooling
426,47.97953008,47.8205709,47.30200473,6.4,25,48.0759124,0,T10_power_ramp,ramps,solid_conduction_contact_constant_convection,left_zero_order_hold,COMSOL Electronic Chip Cooling
428,48.0291261,47.87201512,47.35816692,6.311111111,25,48.12441954,0,T10_power_ramp,ramps,solid_conduction_contact_constant_convection,left_zero_order_hold,COMSOL Electronic Chip Cooling
430,48.076257,47.92099636,47.41188157,6.222222222,25,48.17046009,0,T10_power_ramp,ramps,solid_conduction_contact_constant_convection,left_zero_order_hold,COMSOL Electronic Chip Cooling
432,48.12093434,47.96752616,47.46316013,6.133333333,25,48.21404562,0,T10_power_ramp,ramps,solid_conduction_contact_constant_convection,left_zero_order_hold,COMSOL Electronic Chip Cooling
434,48.16316964,48.01161604,47.51201405,6.044444444,25,48.25518766,0,T10_power_ramp,ramps,solid_conduction_contact_constant_convection,left_zero_order_hold,COMSOL Electronic Chip Cooling
436,48.20297435,48.05327742,47.55845469,5.955555556,25,48.29389765,0,T10_power_ramp,ramps,solid_conduction_contact_constant_convection,left_zero_order_hold,COMSOL Electronic Chip Cooling
438,48.24035986,48.09252171,47.60249336,5.866666667,25,48.33018701,0,T10_power_ramp,ramps,solid_conduction_contact_constant_convection,left_zero_order_hold,COMSOL Electronic Chip Cooling
440,48.27533752,48.12936023,47.64414135,5.777777778,25,48.36406709,0,T10_power_ramp,ramps,solid_conduction_contact_constant_convection,left_zero_order_hold,COMSOL Electronic Chip Cooling
442,48.30791863,48.16380427,47.68340985,5.688888889,25,48.39554918,0,T10_power_ramp,ramps,solid_conduction_contact_constant_convection,left_zero_order_hold,COMSOL Electronic Chip Cooling
444,48.33811442,48.19586506,47.72031002,5.6,25,48.42464454,0,T10_power_ramp,ramps,solid_conduction_contact_constant_convection,left_zero_order_hold,COMSOL Electronic Chip Cooling
446,48.36593608,48.22555378,47.75485299,5.511111111,25,48.45136436,0,T10_power_ramp,ramps,solid_conduction_contact_constant_convection,left_zero_order_hold,COMSOL Electronic Chip Cooling
448,48.39139475,48.25288155,47.78704979,5.422222222,25,48.47571977,0,T10_power_ramp,ramps,solid_conduction_contact_constant_convection,left_zero_order_hold,COMSOL Electronic Chip Cooling
450,48.41450151,48.27785945,47.81691143,5.333333333,25,48.49772188,0,T10_power_ramp,ramps,solid_conduction_contact_constant_convection,left_zero_order_hold,COMSOL Electronic Chip Cooling
452,48.43526738,48.30049849,47.84444888,5.244444444,25,48.51738171,0,T10_power_ramp,ramps,solid_conduction_contact_constant_convection,left_zero_order_hold,COMSOL Electronic Chip Cooling
454,48.45370336,48.32080965,47.86967301,5.155555556,25,48.53471025,0,T10_power_ramp,ramps,solid_conduction_contact_constant_convection,left_zero_order_hold,COMSOL Electronic Chip Cooling
456,48.46982036,48.33880384,47.8925947,5.066666667,25,48.54971844,0,T10_power_ramp,ramps,solid_conduction_contact_constant_convection,left_zero_order_hold,COMSOL Electronic Chip Cooling
458,48.48362926,48.35449193,47.91322472,4.977777778,25,48.56241715,0,T10_power_ramp,ramps,solid_conduction_contact_constant_convection,left_zero_order_hold,COMSOL Electronic Chip Cooling
460,48.49514088,48.36788473,47.93157384,4.888888889,25,48.57281722,0,T10_power_ramp,ramps,solid_conduction_contact_constant_convection,left_zero_order_hold,COMSOL Electronic Chip Cooling
462,48.50436601,48.37899302,47.94765275,4.8,25,48.58092943,0,T10_power_ramp,ramps,solid_conduction_contact_constant_convection,left_zero_order_hold,COMSOL Electronic Chip Cooling
464,48.51131536,48.3878275,47.9614721,4.711111111,25,48.58676452,0,T10_power_ramp,ramps,solid_conduction_contact_constant_convection,left_zero_order_hold,COMSOL Electronic Chip Cooling
466,48.51599961,48.39439884,47.97304248,4.622222222,25,48.59033315,0,T10_power_ramp,ramps,solid_conduction_contact_constant_convection,left_zero_order_hold,COMSOL Electronic Chip Cooling
468,48.51842938,48.39871765,47.98237444,4.533333333,25,48.59164595,0,T10_power_ramp,ramps,solid_conduction_contact_constant_convection,left_zero_order_hold,COMSOL Electronic Chip Cooling
470,48.51861525,48.4007945,47.98947848,4.444444444,25,48.59071352,0,T10_power_ramp,ramps,solid_conduction_contact_constant_convection,left_zero_order_hold,COMSOL Electronic Chip Cooling
472,48.51656773,48.4006399,47.99436505,4.355555556,25,48.58754638,0,T10_power_ramp,ramps,solid_conduction_contact_constant_convection,left_zero_order_hold,COMSOL Electronic Chip Cooling
474,48.51229731,48.39826432,47.99704455,4.266666667,25,48.582155,0,T10_power_ramp,ramps,solid_conduction_contact_constant_convection,left_zero_order_hold,COMSOL Electronic Chip Cooling
476,48.5058144,48.39367817,47.99752733,4.177777778,25,48.57454983,0,T10_power_ramp,ramps,solid_conduction_contact_constant_convection,left_zero_order_hold,COMSOL Electronic Chip Cooling
478,48.49712939,48.38689183,47.99582369,4.088888889,25,48.56474124,0,T10_power_ramp,ramps,solid_conduction_contact_constant_convection,left_zero_order_hold,COMSOL Electronic Chip Cooling
480,48.4862526,48.37791561,47.99194389,4,25,48.55273957,0,T10_power_ramp,ramps,solid_conduction_contact_constant_convection,left_zero_order_hold,COMSOL Electronic Chip Cooling
482,48.47319432,48.36675977,47.98589813,4,25,48.53855511,0,T10_power_ramp,ramps,solid_conduction_contact_constant_convection,left_zero_order_hold,COMSOL Electronic Chip Cooling
484,48.46111061,48.35538413,47.97826607,4,25,48.52588395,0,T10_power_ramp,ramps,solid_conduction_contact_constant_convection,left_zero_order_hold,COMSOL Electronic Chip Cooling
486,48.45033529,48.34465631,47.96968045,4,25,48.51492528,0,T10_power_ramp,ramps,solid_conduction_contact_constant_convection,left_zero_order_hold,COMSOL Electronic Chip Cooling
488,48.44020094,48.33457703,47.96064361,4,25,48.5047153,0,T10_power_ramp,ramps,solid_conduction_contact_constant_convection,left_zero_order_hold,COMSOL Electronic Chip Cooling
490,48.4303733,48.32486924,47.95143701,4,25,48.49481153,0,T10_power_ramp,ramps,solid_conduction_contact_constant_convection,left_zero_order_hold,COMSOL Electronic Chip Cooling
492,48.42076679,48.31533212,47.94218071,4,25,48.48514032,0,T10_power_ramp,ramps,solid_conduction_contact_constant_convection,left_zero_order_hold,COMSOL Electronic Chip Cooling
494,48.41130542,48.30589097,47.93292259,4,25,48.47563841,0,T10_power_ramp,ramps,solid_conduction_contact_constant_convection,left_zero_order_hold,COMSOL Electronic Chip Cooling
496,48.40192329,48.29652411,47.92368504,4,25,48.46623178,0,T10_power_ramp,ramps,solid_conduction_contact_constant_convection,left_zero_order_hold,COMSOL Electronic Chip Cooling
498,48.39259753,48.2872182,47.91447895,4,25,48.45688771,0,T10_power_ramp,ramps,solid_conduction_contact_constant_convection,left_zero_order_hold,COMSOL Electronic Chip Cooling
500,48.38332691,48.27796411,47.90530898,4,25,48.44760155,0,T10_power_ramp,ramps,solid_conduction_contact_constant_convection,left_zero_order_hold,COMSOL Electronic Chip Cooling
502,48.37410907,48.26875822,47.89617727,4,25,48.43837068,0,T10_power_ramp,ramps,solid_conduction_contact_constant_convection,left_zero_order_hold,COMSOL Electronic Chip Cooling
504,48.3649394,48.25959909,47.88708534,4,25,48.42919032,0,T10_power_ramp,ramps,solid_conduction_contact_constant_convection,left_zero_order_hold,COMSOL Electronic Chip Cooling
506,48.35581522,48.25048516,47.87803427,4,25,48.42005712,0,T10_power_ramp,ramps,solid_conduction_contact_constant_convection,left_zero_order_hold,COMSOL Electronic Chip Cooling
508,48.34673557,48.24141508,47.86902466,4,25,48.41096952,0,T10_power_ramp,ramps,solid_conduction_contact_constant_convection,left_zero_order_hold,COMSOL Electronic Chip Cooling
510,48.33769972,48.2323881,47.86005673,4,25,48.40192642,0,T10_power_ramp,ramps,solid_conduction_contact_constant_convection,left_zero_order_hold,COMSOL Electronic Chip Cooling
512,48.32870696,48.22340387,47.85113047,4,25,48.39292696,0,T10_power_ramp,ramps,solid_conduction_contact_constant_convection,left_zero_order_hold,COMSOL Electronic Chip Cooling
514,48.31975683,48.21446206,47.84224583,4,25,48.38397052,0,T10_power_ramp,ramps,solid_conduction_contact_constant_convection,left_zero_order_hold,COMSOL Electronic Chip Cooling
516,48.310849,48.20556237,47.83340267,4,25,48.37505669,0,T10_power_ramp,ramps,solid_conduction_contact_constant_convection,left_zero_order_hold,COMSOL Electronic Chip Cooling
518,48.3019832,48.19670454,47.82460088,4,25,48.3661851,0,T10_power_ramp,ramps,solid_conduction_contact_constant_convection,left_zero_order_hold,COMSOL Electronic Chip Cooling
520,48.29315914,48.18788832,47.81584028,4,25,48.35735542,0,T10_power_ramp,ramps,solid_conduction_contact_constant_convection,left_zero_order_hold,COMSOL Electronic Chip Cooling
522,48.28437657,48.17911352,47.80712071,4,25,48.34856737,0,T10_power_ramp,ramps,solid_conduction_contact_constant_convection,left_zero_order_hold,COMSOL Electronic Chip Cooling
524,48.27563528,48.1703799,47.798442,4,25,48.33982068,0,T10_power_ramp,ramps,solid_conduction_contact_constant_convection,left_zero_order_hold,COMSOL Electronic Chip Cooling
526,48.26693504,48.16168728,47.78980397,4,25,48.33111512,0,T10_power_ramp,ramps,solid_conduction_contact_constant_convection,left_zero_order_hold,COMSOL Electronic Chip Cooling
528,48.25827565,48.15303544,47.78120642,4,25,48.32245047,0,T10_power_ramp,ramps,solid_conduction_contact_constant_convection,left_zero_order_hold,COMSOL Electronic Chip Cooling
530,48.2496569,48.14442419,47.77264919,4,25,48.31382652,0,T10_power_ramp,ramps,solid_conduction_contact_constant_convection,left_zero_order_hold,COMSOL Electronic Chip Cooling
532,48.24107859,48.13585335,47.76413208,4,25,48.30524305,0,T10_power_ramp,ramps,solid_conduction_contact_constant_convection,left_zero_order_hold,COMSOL Electronic Chip Cooling
534,48.23254053,48.1273227,47.7556549,4,25,48.29669987,0,T10_power_ramp,ramps,solid_conduction_contact_constant_convection,left_zero_order_hold,COMSOL Electronic Chip Cooling
536,48.22404253,48.11883207,47.74721748,4,25,48.28819678,0,T10_power_ramp,ramps,solid_conduction_contact_constant_convection,left_zero_order_hold,COMSOL Electronic Chip Cooling
538,48.21558439,48.11038127,47.73881963,4,25,48.27973358,0,T10_power_ramp,ramps,solid_conduction_contact_constant_convection,left_zero_order_hold,COMSOL Electronic Chip Cooling
540,48.20716592,48.1019701,47.73046116,4,25,48.27131009,0,T10_power_ramp,ramps,solid_conduction_contact_constant_convection,left_zero_order_hold,COMSOL Electronic Chip Cooling
542,48.19878695,48.09359838,47.72214189,4,25,48.26292611,0,T10_power_ramp,ramps,solid_conduction_contact_constant_convection,left_zero_order_hold,COMSOL Electronic Chip Cooling
544,48.19044727,48.08526593,47.71386163,4,25,48.25458146,0,T10_power_ramp,ramps,solid_conduction_contact_constant_convection,left_zero_order_hold,COMSOL Electronic Chip Cooling
546,48.1821467,48.07697255,47.70562021,4,25,48.24627595,0,T10_power_ramp,ramps,solid_conduction_contact_constant_convection,left_zero_order_hold,COMSOL Electronic Chip Cooling
548,48.17388507,48.06871808,47.69741744,4,25,48.2380094,0,T10_power_ramp,ramps,solid_conduction_contact_constant_convection,left_zero_order_hold,COMSOL Electronic Chip Cooling
550,48.16566219,48.06050232,47.68925314,4,25,48.22978162,0,T10_power_ramp,ramps,solid_conduction_contact_constant_convection,left_zero_order_hold,COMSOL Electronic Chip Cooling
552,48.15747787,48.05232509,47.68112713,4,25,48.22159242,0,T10_power_ramp,ramps,solid_conduction_contact_constant_convection,left_zero_order_hold,COMSOL Electronic Chip Cooling
554,48.14933194,48.04418621,47.67303923,4,25,48.21344164,0,T10_power_ramp,ramps,solid_conduction_contact_constant_convection,left_zero_order_hold,COMSOL Electronic Chip Cooling
556,48.14122421,48.0360855,47.66498927,4,25,48.20532909,0,T10_power_ramp,ramps,solid_conduction_contact_constant_convection,left_zero_order_hold,COMSOL Electronic Chip Cooling
558,48.13315451,48.02802279,47.65697706,4,25,48.19725458,0,T10_power_ramp,ramps,solid_conduction_contact_constant_convection,left_zero_order_hold,COMSOL Electronic Chip Cooling
560,48.12512266,48.01999789,47.64900242,4,25,48.18921794,0,T10_power_ramp,ramps,solid_conduction_contact_constant_convection,left_zero_order_hold,COMSOL Electronic Chip Cooling
562,48.11712847,48.01201063,47.64106519,4,25,48.181219,0,T10_power_ramp,ramps,solid_conduction_contact_constant_convection,left_zero_order_hold,COMSOL Electronic Chip Cooling
564,48.10917178,48.00406083,47.63316518,4,25,48.17325757,0,T10_power_ramp,ramps,solid_conduction_contact_constant_convection,left_zero_order_hold,COMSOL Electronic Chip Cooling
566,48.10125241,47.99614831,47.62530222,4,25,48.16533348,0,T10_power_ramp,ramps,solid_conduction_contact_constant_convection,left_zero_order_hold,COMSOL Electronic Chip Cooling
568,48.09337017,47.9882729,47.61747614,4,25,48.15744656,0,T10_power_ramp,ramps,solid_conduction_contact_constant_convection,left_zero_order_hold,COMSOL Electronic Chip Cooling
570,48.08552491,47.98043443,47.60968677,4,25,48.14959662,0,T10_power_ramp,ramps,solid_conduction_contact_constant_convection,left_zero_order_hold,COMSOL Electronic Chip Cooling
572,48.07771644,47.97263272,47.60193393,4,25,48.1417835,0,T10_power_ramp,ramps,solid_conduction_contact_constant_convection,left_zero_order_hold,COMSOL Electronic Chip Cooling
574,48.06994459,47.9648676,47.59421744,4,25,48.13400703,0,T10_power_ramp,ramps,solid_conduction_contact_constant_convection,left_zero_order_hold,COMSOL Electronic Chip Cooling
576,48.06220919,47.9571389,47.58653715,4,25,48.12626702,0,T10_power_ramp,ramps,solid_conduction_contact_constant_convection,left_zero_order_hold,COMSOL Electronic Chip Cooling
578,48.05451007,47.94944645,47.57889288,4,25,48.11856332,0,T10_power_ramp,ramps,solid_conduction_contact_constant_convection,left_zero_order_hold,COMSOL Electronic Chip Cooling
580,48.04684706,47.94179007,47.57128446,4,25,48.11089575,0,T10_power_ramp,ramps,solid_conduction_contact_constant_convection,left_zero_order_hold,COMSOL Electronic Chip Cooling
582,48.03921999,47.93416961,47.56371173,4,25,48.10326414,0,T10_power_ramp,ramps,solid_conduction_contact_constant_convection,left_zero_order_hold,COMSOL Electronic Chip Cooling
584,48.03162869,47.92658488,47.55617451,4,25,48.09566832,0,T10_power_ramp,ramps,solid_conduction_contact_constant_convection,left_zero_order_hold,COMSOL Electronic Chip Cooling
586,48.024073,47.91903573,47.54867264,4,25,48.08810813,0,T10_power_ramp,ramps,solid_conduction_contact_constant_convection,left_zero_order_hold,COMSOL Electronic Chip Cooling
588,48.01655274,47.91152198,47.54120595,4,25,48.08058339,0,T10_power_ramp,ramps,solid_conduction_contact_constant_convection,left_zero_order_hold,COMSOL Electronic Chip Cooling
590,48.00906775,47.90404347,47.53377429,4,25,48.07309394,0,T10_power_ramp,ramps,solid_conduction_contact_constant_convection,left_zero_order_hold,COMSOL Electronic Chip Cooling
592,48.00161786,47.89660003,47.52637747,4,25,48.06563962,0,T10_power_ramp,ramps,solid_conduction_contact_constant_convection,left_zero_order_hold,COMSOL Electronic Chip Cooling
594,47.99420292,47.88919151,47.51901535,4,25,48.05822026,0,T10_power_ramp,ramps,solid_conduction_contact_constant_convection,left_zero_order_hold,COMSOL Electronic Chip Cooling
596,47.98682275,47.88181773,47.51168776,4,25,48.0508357,0,T10_power_ramp,ramps,solid_conduction_contact_constant_convection,left_zero_order_hold,COMSOL Electronic Chip Cooling
598,47.97947719,47.87447854,47.50439453,4,25,48.04348577,0,T10_power_ramp,ramps,solid_conduction_contact_constant_convection,left_zero_order_hold,COMSOL Electronic Chip Cooling
600,47.97216609,47.86717376,47.49713551,4,25,48.03617032,0,T10_power_ramp,ramps,solid_conduction_contact_constant_convection,left_zero_order_hold,COMSOL Electronic Chip Cooling
