case_id,time,chip,sink_base,fins,chip_power,coolant_temperature,inlet_air_velocity,mesh_uncertainty_chip,mesh_uncertainty_sink_base,mesh_uncertainty_fins,mesh_profile,mesh_qualified,benchmark_qualified,temporal_qualified,qualification_basis,mesh_evidence_sha256,transient_result_fingerprint,temporal_qualification_basis
HV02_composite_radiation,0,24.99816052,24.99816058,24.99816868,0,25,0.1,0.4962085957,0.4954013419,0.4922401557,local-medium,False,True,False,local-medium versus local-fine at MC01/MC02; steady-field evidence for nonlinear model-form screening,"{""mesh_acceptance"": ""7f5b273b3f5dfb7780e533f0d0bf0606cf0b5cea37415d03114d4c11049d90b5"", ""mesh_convergence"": ""c3e9157d95c0ad1d7d1dc8bda8cbce3ef0a7297d99dfe5c377ceb129ed3700b8"", ""mesh_convergence_deltas"": ""d93797da07c6b45f3b26a86963d79765bc43ff54e9769f954bfe47ffefba9807""}",4575d30bf8946f0e91b48887b4c4b18bd7fe272b7025a35973eaa033980353eb,the actual transient is not the verified fine result of the time-step comparison
HV02_composite_radiation,20,24.99816011,24.99816016,24.99816824,0,25,0.1,0.4962085957,0.4954013419,0.4922401557,local-medium,False,True,False,local-medium versus local-fine at MC01/MC02; steady-field evidence for nonlinear model-form screening,"{""mesh_acceptance"": ""7f5b273b3f5dfb7780e533f0d0bf0606cf0b5cea37415d03114d4c11049d90b5"", ""mesh_convergence"": ""c3e9157d95c0ad1d7d1dc8bda8cbce3ef0a7297d99dfe5c377ceb129ed3700b8"", ""mesh_convergence_deltas"": ""d93797da07c6b45f3b26a86963d79765bc43ff54e9769f954bfe47ffefba9807""}",4575d30bf8946f0e91b48887b4c4b18bd7fe272b7025a35973eaa033980353eb,the actual transient is not the verified fine result of the time-step comparison
HV02_composite_radiation,40,24.99815973,24.99815978,24.99816788,0,25,0.1,0.4962085957,0.4954013419,0.4922401557,local-medium,False,True,False,local-medium versus local-fine at MC01/MC02; steady-field evidence for nonlinear model-form screening,"{""mesh_acceptance"": ""7f5b273b3f5dfb7780e533f0d0bf0606cf0b5cea37415d03114d4c11049d90b5"", ""mesh_convergence"": ""c3e9157d95c0ad1d7d1dc8bda8cbce3ef0a7297d99dfe5c377ceb129ed3700b8"", ""mesh_convergence_deltas"": ""d93797da07c6b45f3b26a86963d79765bc43ff54e9769f954bfe47ffefba9807""}",4575d30bf8946f0e91b48887b4c4b18bd7fe272b7025a35973eaa033980353eb,the actual transient is not the verified fine result of the time-step comparison
HV02_composite_radiation,60,24.99815948,24.99815953,24.99816765,4,25,0.1,0.4962085957,0.4954013419,0.4922401557,local-medium,False,True,False,local-medium versus local-fine at MC01/MC02; steady-field evidence for nonlinear model-form screening,"{""mesh_acceptance"": ""7f5b273b3f5dfb7780e533f0d0bf0606cf0b5cea37415d03114d4c11049d90b5"", ""mesh_convergence"": ""c3e9157d95c0ad1d7d1dc8bda8cbce3ef0a7297d99dfe5c377ceb129ed3700b8"", ""mesh_convergence_deltas"": ""d93797da07c6b45f3b26a86963d79765bc43ff54e9769f954bfe47ffefba9807""}",4575d30bf8946f0e91b48887b4c4b18bd7fe272b7025a35973eaa033980353eb,the actual transient is not the verified fine result of the time-step comparison
HV02_composite_radiation,80,26.15398647,26.06231864,25.84538092,8,25,0.1,0.4962085957,0.4954013419,0.4922401557,local-medium,False,True,False,local-medium versus local-fine at MC01/MC02; steady-field evidence for nonlinear model-form screening,"{""mesh_acceptance"": ""7f5b273b3f5dfb7780e533f0d0bf0606cf0b5cea37415d03114d4c11049d90b5"", ""mesh_convergence"": ""c3e9157d95c0ad1d7d1dc8bda8cbce3ef0a7297d99dfe5c377ceb129ed3700b8"", ""mesh_convergence_deltas"": ""d93797da07c6b45f3b26a86963d79765bc43ff54e9769f954bfe47ffefba9807""}",4575d30bf8946f0e91b48887b4c4b18bd7fe272b7025a35973eaa033980353eb,the actual transient is not the verified fine result of the time-step comparison
HV02_composite_radiation,100,28.28252256,28.0911407,27.59981348,12,25,0.1,0.4962085957,0.4954013419,0.4922401557,local-medium,False,True,False,local-medium versus local-fine at MC01/MC02; steady-field evidence for nonlinear model-form screening,"{""mesh_acceptance"": ""7f5b273b3f5dfb7780e533f0d0bf0606cf0b5cea37415d03114d4c11049d90b5"", ""mesh_convergence"": ""c3e9157d95c0ad1d7d1dc8bda8cbce3ef0a7297d99dfe5c377ceb129ed3700b8"", ""mesh_convergence_deltas"": ""d93797da07c6b45f3b26a86963d79765bc43ff54e9769f954bfe47ffefba9807""}",4575d30bf8946f0e91b48887b4c4b18bd7fe272b7025a35973eaa033980353eb,the actual transient is not the verified fine result of the time-step comparison
HV02_composite_radiation,120,31.24546586,30.95870759,30.22142635,12,25,0.08333333333,0.4962085957,0.4954013419,0.4922401557,local-medium,False,True,False,local-medium versus local-fine at MC01/MC02; steady-field evidence for nonlinear model-form screening,"{""mesh_acceptance"": ""7f5b273b3f5dfb7780e533f0d0bf0606cf0b5cea37415d03114d4c11049d90b5"", ""mesh_convergence"": ""c3e9157d95c0ad1d7d1dc8bda8cbce3ef0a7297d99dfe5c377ceb129ed3700b8"", ""mesh_convergence_deltas"": ""d93797da07c6b45f3b26a86963d79765bc43ff54e9769f954bfe47ffefba9807""}",4575d30bf8946f0e91b48887b4c4b18bd7fe272b7025a35973eaa033980353eb,the actual transient is not the verified fine result of the time-step comparison
HV02_composite_radiation,140,33.97465202,33.68063657,32.88874523,12,25,0.06666666667,0.4962085957,0.4954013419,0.4922401557,local-medium,False,True,False,local-medium versus local-fine at MC01/MC02; steady-field evidence for nonlinear model-form screening,"{""mesh_acceptance"": ""7f5b273b3f5dfb7780e533f0d0bf0606cf0b5cea37415d03114d4c11049d90b5"", ""mesh_convergence"": ""c3e9157d95c0ad1d7d1dc8bda8cbce3ef0a7297d99dfe5c377ceb129ed3700b8"", ""mesh_convergence_deltas"": ""d93797da07c6b45f3b26a86963d79765bc43ff54e9769f954bfe47ffefba9807""}",4575d30bf8946f0e91b48887b4c4b18bd7fe272b7025a35973eaa033980353eb,the actual transient is not the verified fine result of the time-step comparison
HV02_composite_radiation,160,36.5948217,36.29892334,35.49112482,12,28.33333333,0.05,0.4962085957,0.4954013419,0.4922401557,local-medium,False,True,False,local-medium versus local-fine at MC01/MC02; steady-field evidence for nonlinear model-form screening,"{""mesh_acceptance"": ""7f5b273b3f5dfb7780e533f0d0bf0606cf0b5cea37415d03114d4c11049d90b5"", ""mesh_convergence"": ""c3e9157d95c0ad1d7d1dc8bda8cbce3ef0a7297d99dfe5c377ceb129ed3700b8"", ""mesh_convergence_deltas"": ""d93797da07c6b45f3b26a86963d79765bc43ff54e9769f954bfe47ffefba9807""}",4575d30bf8946f0e91b48887b4c4b18bd7fe272b7025a35973eaa033980353eb,the actual transient is not the verified fine result of the time-step comparison
HV02_composite_radiation,180,39.25308989,38.95845575,38.16124718,12,31.66666667,0.05,0.4962085957,0.4954013419,0.4922401557,local-medium,False,True,False,local-medium versus local-fine at MC01/MC02; steady-field evidence for nonlinear model-form screening,"{""mesh_acceptance"": ""7f5b273b3f5dfb7780e533f0d0bf0606cf0b5cea37415d03114d4c11049d90b5"", ""mesh_convergence"": ""c3e9157d95c0ad1d7d1dc8bda8cbce3ef0a7297d99dfe5c377ceb129ed3700b8"", ""mesh_convergence_deltas"": ""d93797da07c6b45f3b26a86963d79765bc43ff54e9769f954bfe47ffefba9807""}",4575d30bf8946f0e91b48887b4c4b18bd7fe272b7025a35973eaa033980353eb,the actual transient is not the verified fine result of the time-step comparison
HV02_composite_radiation,200,41.93067917,41.63645118,40.84286941,12,35,0.05,0.4962085957,0.4954013419,0.4922401557,local-medium,False,True,False,local-medium versus local-fine at MC01/MC02; steady-field evidence for nonlinear model-form screening,"{""mesh_acceptance"": ""7f5b273b3f5dfb7780e533f0d0bf0606cf0b5cea37415d03114d4c11049d90b5"", ""mesh_convergence"": ""c3e9157d95c0ad1d7d1dc8bda8cbce3ef0a7297d99dfe5c377ceb129ed3700b8"", ""mesh_convergence_deltas"": ""d93797da07c6b45f3b26a86963d79765bc43ff54e9769f954bfe47ffefba9807""}",4575d30bf8946f0e91b48887b4c4b18bd7fe272b7025a35973eaa033980353eb,the actual transient is not the verified fine result of the time-step comparison
HV02_composite_radiation,220,44.63197071,44.33824959,43.54908334,12,35,0.05,0.4962085957,0.4954013419,0.4922401557,local-medium,False,True,False,local-medium versus local-fine at MC01/MC02; steady-field evidence for nonlinear model-form screening,"{""mesh_acceptance"": ""7f5b273b3f5dfb7780e533f0d0bf0606cf0b5cea37415d03114d4c11049d90b5"", ""mesh_convergence"": ""c3e9157d95c0ad1d7d1dc8bda8cbce3ef0a7297d99dfe5c377ceb129ed3700b8"", ""mesh_convergence_deltas"": ""d93797da07c6b45f3b26a86963d79765bc43ff54e9769f954bfe47ffefba9807""}",4575d30bf8946f0e91b48887b4c4b18bd7fe272b7025a35973eaa033980353eb,the actual transient is not the verified fine result of the time-step comparison
