dataset,split,model,n_cases,mean_case_rmse_k,worst_case_rmse_k,mean_case_mae_k,max_abs_error_k,pooled_r2,n_points
topcell,train,physical_rc,160,0.020036596709391417,0.04043764215723235,0.011434426173474102,0.16717911265263297,,0
topcell,train,mlp,160,0.3866955676199765,1.6545744159886517,0.30923099625324363,4.501379171032511,,0
topcell,train,cnn1d,160,0.20827277197580277,1.0744859226064107,0.16711503208088382,3.15888744006169,,0
topcell,train,tcn,160,0.5849027845086094,1.9031868336335063,0.4624813165295863,5.237870270881189,,0
topcell,train,gru,160,0.10953900067535469,0.3948211491922988,0.09067547571118399,0.848588826056357,,0
topcell,train,lstm,160,0.16582446152631666,0.5278285457317455,0.1337172101559083,1.3281876675530953,,0
topcell,validation,physical_rc,31,0.02272034477806398,0.0418206577877969,0.013117269146869682,0.1704525642810495,,0
topcell,validation,mlp,31,0.3708445056686951,1.09369122967621,0.3038655065393629,2.723691045395796,,0
topcell,validation,cnn1d,31,0.2421931263446551,0.8523515402829901,0.19415624547444707,2.1852162659810404,,0
topcell,validation,tcn,31,0.592316372344616,1.2442119305772572,0.4690058882462554,3.05880740390387,,0
topcell,validation,gru,31,0.12563648571182287,0.29170777394819614,0.10158207713195704,0.905999138230456,,0
topcell,validation,lstm,31,0.16984673372441936,0.5055054442913465,0.1374417998946031,1.220323249929649,,0
topcell,test,physical_rc,37,0.019397651821813203,0.03789836440812277,0.010930340122757171,0.16305197539254834,0.9999992947988647,26640
topcell,test,mlp,37,0.3426581418555201,0.8548753807254479,0.27692983658678666,1.95173295181813,0.999770710275201,26640
topcell,test,cnn1d,37,0.19889864081485764,0.4152403539997125,0.1667848322458172,0.7875619593152123,0.9999263017036054,26640
topcell,test,tcn,37,0.5510410449526466,1.2990313726138574,0.4465756471068216,3.1933968489763345,0.9994401833485448,26640
topcell,test,gru,37,0.11319698451431594,0.4427716535504796,0.09318935216518738,1.088216466789902,0.999971503400668,26640
topcell,test,lstm,37,0.16431826546898293,0.3749289622911643,0.13355585870000589,0.7431501903270714,0.9999490087787652,26640
linear_comsol,train,physical_rc,12,0.01965562221993047,0.05546758715289233,0.014414288596260224,0.167271749957699,,0
linear_comsol,train,mlp,12,0.09524896024403968,0.24799467908628858,0.07853034250939052,0.4751787121579767,,0
linear_comsol,train,cnn1d,12,0.03877860226893711,0.06101195962313864,0.030404357550646247,0.19119730822087888,,0
linear_comsol,train,tcn,12,0.13771352492579128,0.19718840948681104,0.11265521757404424,0.6050429351954563,,0
linear_comsol,train,gru,12,0.1321499004048157,0.272141199706677,0.10552065187052344,0.6384367228758805,,0
linear_comsol,train,lstm,12,0.14088528919219503,0.22912306304906374,0.11148449707640706,0.41945831499471353,,0
linear_comsol,validation,physical_rc,2,0.030769144728707443,0.053372901462527066,0.025867792426167296,0.10424036545217064,,0
linear_comsol,validation,mlp,2,0.09680229880953117,0.12108159521764261,0.06578947287983651,0.3957328108156659,,0
linear_comsol,validation,cnn1d,2,0.07067395636172646,0.07412818282300009,0.05149159278682599,0.22691652157126896,,0
linear_comsol,validation,tcn,2,0.09662339636297915,0.1293566576752478,0.07709505293253174,0.2661840975031424,,0
linear_comsol,validation,gru,2,0.14425994963164618,0.15101301000400003,0.11337161272424359,0.3536905457855113,,0
linear_comsol,validation,lstm,2,0.10117749430456978,0.10582939975959349,0.0820889402634204,0.30253109373187925,,0
linear_comsol,test,physical_rc,2,0.026938480371978234,0.039519022479152614,0.021344098612316405,0.12299491960448705,0.9999940433170983,1980
linear_comsol,test,mlp,2,0.08738854996932781,0.09873485128313608,0.06291571990309047,0.23728380893508216,0.9999424436991964,1980
linear_comsol,test,cnn1d,2,0.07166273583536213,0.10145765534962532,0.049406573798797176,0.284732273625103,0.9999591816175908,1980
linear_comsol,test,tcn,2,0.16919105244553467,0.17031998943329996,0.13431159843167945,0.40976238573256296,0.9997928888589089,1980
linear_comsol,test,gru,2,0.13219309121877848,0.13404800114984636,0.09654324968119819,0.44155681893423093,0.9998730695267328,1980
linear_comsol,test,lstm,2,0.12507313893885294,0.14076057000444275,0.09885639360507706,0.4093247646768674,0.9998874872028027,1980
nonlinear_comsol,train,physical_rc,8,0.2146134313592836,0.36000291198880363,0.17312663677261075,0.7624403288658073,,0
nonlinear_comsol,train,mlp,8,0.21262766423605933,0.3405174003804415,0.16492476256032595,0.8087735585424412,,0
nonlinear_comsol,train,cnn1d,8,0.21919486604146723,0.2826852218594971,0.17621268031772927,0.685081134490396,,0
nonlinear_comsol,train,tcn,8,0.4817969025266626,0.8382149094047731,0.4044104287667147,1.4101747101967135,,0
nonlinear_comsol,train,gru,8,0.2281442185779728,0.33881659474242454,0.16779233560225937,0.9108645922011291,,0
nonlinear_comsol,train,lstm,8,0.17313383332093307,0.22306576607621684,0.1403097692527369,0.5003958469172716,,0
nonlinear_comsol,validation,physical_rc,1,0.31268718753489244,0.31268718753489244,0.24909776147163953,0.6604472898990679,,0
nonlinear_comsol,validation,mlp,1,0.9359789440867633,0.9359789440867633,0.7365823268521932,2.207636834510332,,0
nonlinear_comsol,validation,cnn1d,1,0.471833231369365,0.471833231369365,0.4103020565846966,1.0733001471041774,,0
nonlinear_comsol,validation,tcn,1,0.5848238040227886,0.5848238040227886,0.4654201501976514,1.1565278562332892,,0
nonlinear_comsol,validation,gru,1,0.9000188252420394,0.9000188252420394,0.7536316483511215,1.8512469629370258,,0
nonlinear_comsol,validation,lstm,1,1.0403486720052513,1.0403486720052513,0.8560254100579717,2.115810718452316,,0
nonlinear_comsol,test,physical_rc,1,0.4047870456013327,0.4047870456013327,0.3690815167980062,0.6735666441097763,0.9984543459164881,270
nonlinear_comsol,test,mlp,1,1.2905171855621913,1.2905171855621913,1.1138138568332276,2.9107979736873517,0.9842896203689273,270
nonlinear_comsol,test,cnn1d,1,1.9579923079222008,1.9579923079222008,1.4689889977314683,4.824049118738827,0.9638356172012488,270
nonlinear_comsol,test,tcn,1,1.5767365666364437,1.5767365666364437,1.3506878610392268,2.6489060749652715,0.9765481356128182,270
nonlinear_comsol,test,gru,1,2.76693416957518,2.76693416957518,2.3654333500693414,4.90413396987492,0.9277801223810053,270
nonlinear_comsol,test,lstm,1,2.699118421052928,2.699118421052928,2.2601574440565835,4.905048855977544,0.9312768633385803,270
