evaluation,boundary,category,model,noise_std_k,n_cases,n_repeats,mean_case_rmse_k,repeat_mean_rmse_std_k,worst_case_rmse_k,mean_realized_noise_rmse_k,delta_vs_clean_k,ratio_to_clean
topcell,internal_test,configured_data_pool,physical_rc,0.0,37,1,0.019397651821813203,0.0,0.03789836440812277,0.0,0.0,1.0
topcell,internal_test,configured_data_pool,mlp,0.0,37,1,0.3426581418555202,0.0,0.8548753807254479,0.0,0.0,1.0
topcell,internal_test,configured_data_pool,cnn1d,0.0,37,1,0.19889864081485764,0.0,0.4152403539997125,0.0,0.0,1.0
topcell,internal_test,configured_data_pool,tcn,0.0,37,1,0.5510410449526465,0.0,1.2990313726138574,0.0,0.0,1.0
topcell,internal_test,configured_data_pool,gru,0.0,37,1,0.11319698451431597,0.0,0.4427716535504796,0.0,0.0,1.0
topcell,internal_test,configured_data_pool,lstm,0.0,37,1,0.1643182654689829,0.0,0.3749289622911643,0.0,0.0,1.0
topcell,internal_test,configured_data_pool,physical_rc,0.15,37,5,0.04106955369945803,0.001187953866592119,0.1214079155942079,0.1387491425568133,0.021671901877644825,2.1172435754968117
topcell,internal_test,configured_data_pool,mlp,0.15,37,5,0.3622882875174446,0.005876764878127296,0.9920446888611177,0.1387491425568133,0.019630145661924392,1.057287842499891
topcell,internal_test,configured_data_pool,cnn1d,0.15,37,5,0.21942433818354207,0.004169161882065438,0.49291720385727816,0.1387491425568133,0.020525697368684426,1.1031967703981975
topcell,internal_test,configured_data_pool,tcn,0.15,37,5,0.566909425027081,0.004118373229218844,1.3326357248631042,0.1387491425568133,0.015868380074434474,1.0287970927388868
topcell,internal_test,configured_data_pool,gru,0.15,37,5,0.14757420120420167,0.006606930513209523,0.5026236458183614,0.1387491425568133,0.034377216689885706,1.3036937497706755
topcell,internal_test,configured_data_pool,lstm,0.15,37,5,0.1923786754868859,0.00412622542963212,0.43284913248728685,0.1387491425568133,0.028060410017902992,1.1707686600623213
topcell,internal_test,configured_data_pool,physical_rc,0.5,37,5,0.12561352828136013,0.006293668772199148,0.31238958576680775,0.47663711107897794,0.10621587645954693,6.475707958635705
topcell,internal_test,configured_data_pool,mlp,0.5,37,5,0.4818453223746035,0.016302739401967428,1.2999277815539865,0.47663711107897794,0.1391871805190833,1.4061983753410148
topcell,internal_test,configured_data_pool,cnn1d,0.5,37,5,0.367948792399411,0.020497641395816057,0.7825242888739962,0.47663711107897794,0.16905015158455333,1.8499311553461624
topcell,internal_test,configured_data_pool,tcn,0.5,37,5,0.6585509948933858,0.017497823521792275,1.4259797693581509,0.47663711107897794,0.10750994994073926,1.1951033428915954
topcell,internal_test,configured_data_pool,gru,0.5,37,5,0.3337341894473027,0.01729349773332968,0.895856081186613,0.47663711107897794,0.22053720493298673,2.948260423007077
topcell,internal_test,configured_data_pool,lstm,0.5,37,5,0.35298951270017476,0.01983162617997204,0.8891296103116051,0.47663711107897794,0.18867124723119186,2.1482061759397397
topcell,external_core,core,physical_rc,0.0,11,1,0.14291188741464964,0.0,1.302676554230484,0.0,0.0,1.0
topcell,external_core,core,mlp,0.0,11,1,1.5198334276796304,0.0,6.0288665052427834,0.0,0.0,1.0
topcell,external_core,core,cnn1d,0.0,11,1,1.3174424970552407,0.0,4.942091590061452,0.0,0.0,1.0
topcell,external_core,core,tcn,0.0,11,1,1.8683284989737918,0.0,6.217644939180231,0.0,0.0,1.0
topcell,external_core,core,gru,0.0,11,1,1.372351858823419,0.0,4.578824352932782,0.0,0.0,1.0
topcell,external_core,core,lstm,0.0,11,1,1.9548881485996439,0.0,6.044058166847871,0.0,0.0,1.0
topcell,external_core,core,physical_rc,0.15,11,5,0.1608605209075636,0.005343869404903644,1.3090802860814448,0.1402007537704229,0.01794863349291395,1.1255923059838762
topcell,external_core,core,mlp,0.15,11,5,1.5206797457327077,0.023997815551619804,6.121840885880474,0.1402007537704229,0.0008463180530773329,1.0005568492162786
topcell,external_core,core,cnn1d,0.15,11,5,1.3201782862181266,0.020118407327975717,5.017719097750957,0.1402007537704229,0.00273578916288586,1.0020765909472338
topcell,external_core,core,tcn,0.15,11,5,1.8662218009430365,0.02421622260013684,6.318266207381996,0.1402007537704229,-0.0021066980307553607,0.9988724156207474
topcell,external_core,core,gru,0.15,11,5,1.376478735488453,0.019946205412147738,4.73601509941009,0.1402007537704229,0.004126876665033974,1.00300715639251
topcell,external_core,core,lstm,0.15,11,5,1.95697115820082,0.020352344765991272,6.150478072036848,0.1402007537704229,0.0020830096011761334,1.0010655390195435
topcell,external_core,core,physical_rc,0.5,11,5,0.240191159925343,0.021847558710138184,1.3039043942567623,0.4730569029751191,0.09727927251069338,1.6806940575100224
topcell,external_core,core,mlp,0.5,11,5,1.5699363334263832,0.024468918758047624,5.9554091859914475,0.4730569029751191,0.0501029057467528,1.0329660506436198
topcell,external_core,core,cnn1d,0.5,11,5,1.3558113686475022,0.02183729550609174,4.892150388478793,0.4730569029751191,0.03836887159226143,1.0291237543027676
topcell,external_core,core,tcn,0.5,11,5,1.8883433424428442,0.023142441514533346,6.134702849883122,0.4730569029751191,0.020014843469052357,1.0107127004057614
topcell,external_core,core,gru,0.5,11,5,1.4060190361844769,0.055525008370083555,4.579994094638278,0.4730569029751191,0.033667177361057954,1.0245324674897314
topcell,external_core,core,lstm,0.5,11,5,1.9897744045773755,0.05605779657914403,6.038305977116875,0.4730569029751191,0.03488625597773165,1.0178456532168974
linear_comsol,internal_test,configured_data_pool,physical_rc,0.0,2,1,0.026938480371978234,0.0,0.039519022479152614,0.0,0.0,1.0
linear_comsol,internal_test,configured_data_pool,mlp,0.0,2,1,0.08738854996932781,0.0,0.09873485128313608,0.0,0.0,1.0
linear_comsol,internal_test,configured_data_pool,cnn1d,0.0,2,1,0.07166273583536213,0.0,0.10145765534962532,0.0,0.0,1.0
linear_comsol,internal_test,configured_data_pool,tcn,0.0,2,1,0.16919105244553467,0.0,0.17031998943329996,0.0,0.0,1.0
linear_comsol,internal_test,configured_data_pool,gru,0.0,2,1,0.13219309121877848,0.0,0.13404800114984636,0.0,0.0,1.0
linear_comsol,internal_test,configured_data_pool,lstm,0.0,2,1,0.12507313893885294,0.0,0.14076057000444275,0.0,0.0,1.0
linear_comsol,internal_test,configured_data_pool,physical_rc,0.15,2,5,0.053563616894614176,0.02038477892099086,0.12929214856171695,0.13736964204238866,0.026625136522635942,1.9883681690646426
linear_comsol,internal_test,configured_data_pool,mlp,0.15,2,5,0.16014525061204105,0.034633601803438996,0.2664084743679304,0.13736964204238866,0.07275670064271324,1.8325656011943194
linear_comsol,internal_test,configured_data_pool,cnn1d,0.15,2,5,0.1451969470344944,0.030240804417885514,0.2272399020757665,0.13736964204238866,0.07353421119913227,2.026115042105979
linear_comsol,internal_test,configured_data_pool,tcn,0.15,2,5,0.20352968732622884,0.00863219619797748,0.25620127906627155,0.13736964204238866,0.03433863488069416,1.202957747377027
linear_comsol,internal_test,configured_data_pool,gru,0.15,2,5,0.19239915838681396,0.02961571979993299,0.2612122341937806,0.13736964204238866,0.060206067168035476,1.4554403457317973
linear_comsol,internal_test,configured_data_pool,lstm,0.15,2,5,0.17636701010103725,0.016907260063950897,0.2333244408035505,0.13736964204238866,0.05129387116218431,1.4101110086256121
linear_comsol,internal_test,configured_data_pool,physical_rc,0.5,2,5,0.1170660310423787,0.06346301815607226,0.28605449845955944,0.41007504204374057,0.09012755067040046,4.34568058130526
linear_comsol,internal_test,configured_data_pool,mlp,0.5,2,5,0.40093761322735383,0.09168204794341757,0.8168590980370926,0.41007504204374057,0.313549063258026,4.587987938558054
linear_comsol,internal_test,configured_data_pool,cnn1d,0.5,2,5,0.3745314494865037,0.08533339603173726,0.7841545859439951,0.41007504204374057,0.30286871365114154,5.2263068821005065
linear_comsol,internal_test,configured_data_pool,tcn,0.5,2,5,0.4115453393333506,0.07071817709484143,0.7005191994767482,0.41007504204374057,0.2423542868878159,2.4324296904875253
linear_comsol,internal_test,configured_data_pool,gru,0.5,2,5,0.4072164143104094,0.08971487114326743,0.7904504466445005,0.41007504204374057,0.2750233230916309,3.0804666912317646
linear_comsol,internal_test,configured_data_pool,lstm,0.5,2,5,0.3889984198017667,0.079700713046065,0.74491940680722,0.41007504204374057,0.2639252808629138,3.1101675635720976
linear_comsol,external_core,core,physical_rc,0.0,8,1,0.03627635669491445,0.0,0.08297369967213226,0.0,0.0,1.0
linear_comsol,external_core,core,mlp,0.0,8,1,0.3447785961081876,0.0,0.6953738334204879,0.0,0.0,1.0
linear_comsol,external_core,core,cnn1d,0.0,8,1,0.17519425282532403,0.0,0.23224891953713064,0.0,0.0,1.0
linear_comsol,external_core,core,tcn,0.0,8,1,0.3260439960396019,0.0,0.7805395373443489,0.0,0.0,1.0
linear_comsol,external_core,core,gru,0.0,8,1,0.9203177320086383,0.0,2.9826177963028084,0.0,0.0,1.0
linear_comsol,external_core,core,lstm,0.0,8,1,0.8116112875609585,0.0,2.2807971536809806,0.0,0.0,1.0
linear_comsol,external_core,core,physical_rc,0.15,8,5,0.05713445704984319,0.011303101373005497,0.17115286820677153,0.12013950700406446,0.020858100354928744,1.574977816277036
linear_comsol,external_core,core,mlp,0.15,8,5,0.37653561999133706,0.012657479839915642,0.7750849909833025,0.12013950700406446,0.03175702388314944,1.0921084552278426
linear_comsol,external_core,core,cnn1d,0.15,8,5,0.2076822852728455,0.013413273837627252,0.3115687540304579,0.12013950700406446,0.032488032447521464,1.1854400582415987
linear_comsol,external_core,core,tcn,0.15,8,5,0.34752898214524486,0.013555017544439158,0.8353089450670128,0.12013950700406446,0.021484986105642978,1.0658959722203667
linear_comsol,external_core,core,gru,0.15,8,5,0.9473411469678578,0.011249690627809268,3.0310420019678013,0.12013950700406446,0.02702341495921945,1.0293631362510418
linear_comsol,external_core,core,lstm,0.15,8,5,0.8413955370550337,0.011672020141396044,2.3813848912125235,0.12013950700406446,0.02978424949407521,1.0366976777560382
linear_comsol,external_core,core,physical_rc,0.5,8,5,0.16099177551607385,0.036966248194933854,0.4787387772902718,0.47034180235209505,0.12471541882115941,4.4379256955162525
linear_comsol,external_core,core,mlp,0.5,8,5,0.6085438892642423,0.0475980519972908,1.072421181767638,0.47034180235209505,0.2637652931560547,1.7650280386700343
linear_comsol,external_core,core,cnn1d,0.5,8,5,0.47581936185602575,0.0742825208163879,0.9381133140338719,0.47034180235209505,0.3006251090307017,2.7159530303225043
linear_comsol,external_core,core,tcn,0.5,8,5,0.573929334252574,0.05107700508888221,1.1393123990050489,0.47034180235209505,0.2478853382129721,1.7602818675515912
linear_comsol,external_core,core,gru,0.5,8,5,1.1250232619029763,0.05051727502893459,3.181886158084553,0.47034180235209505,0.204705529894338,1.2224291924133182
linear_comsol,external_core,core,lstm,0.5,8,5,1.0038612212783242,0.05354303846129643,2.2624497538255666,0.47034180235209505,0.19224993371736576,1.2368743962335864
nonlinear_comsol,internal_test,configured_data_pool,physical_rc,0.0,1,1,0.4047870456013327,0.0,0.4047870456013327,0.0,0.0,1.0
nonlinear_comsol,internal_test,configured_data_pool,mlp,0.0,1,1,1.2905171855621913,0.0,1.2905171855621913,0.0,0.0,1.0
nonlinear_comsol,internal_test,configured_data_pool,cnn1d,0.0,1,1,1.9579923079222008,0.0,1.9579923079222008,0.0,0.0,1.0
nonlinear_comsol,internal_test,configured_data_pool,tcn,0.0,1,1,1.5767365666364437,0.0,1.5767365666364437,0.0,0.0,1.0
nonlinear_comsol,internal_test,configured_data_pool,gru,0.0,1,1,2.76693416957518,0.0,2.76693416957518,0.0,0.0,1.0
nonlinear_comsol,internal_test,configured_data_pool,lstm,0.0,1,1,2.699118421052928,0.0,2.699118421052928,0.0,0.0,1.0
nonlinear_comsol,internal_test,configured_data_pool,physical_rc,0.15,1,5,0.414031148552905,0.0191620933192082,0.4403191325033597,0.14625268346553655,0.009244102951572297,1.0228369535340236
nonlinear_comsol,internal_test,configured_data_pool,mlp,0.15,1,5,1.2958313936747186,0.022264248512376215,1.3213491569820932,0.14625268346553655,0.005314208112527252,1.0041178902319012
nonlinear_comsol,internal_test,configured_data_pool,cnn1d,0.15,1,5,1.9603453425987607,0.017384344995572083,1.9905490119902636,0.14625268346553655,0.0023530346765598953,1.0012017588971311
nonlinear_comsol,internal_test,configured_data_pool,tcn,0.15,1,5,1.5689836858137423,0.02433861158508489,1.5902283181855104,0.14625268346553655,-0.0077528808227014245,0.995082957428177
nonlinear_comsol,internal_test,configured_data_pool,gru,0.15,1,5,2.7461353528826686,0.05100350774301867,2.793689037411226,0.14625268346553655,-0.02079881669251149,0.9924830822065763
nonlinear_comsol,internal_test,configured_data_pool,lstm,0.15,1,5,2.6863888034355483,0.035536917392553644,2.7274694994923214,0.14625268346553655,-0.012729617617379674,0.9952837869142422
nonlinear_comsol,internal_test,configured_data_pool,physical_rc,0.5,1,5,0.38975008257176436,0.021535302453534303,0.42943379146416816,0.46032828916915414,-0.015036963029568362,0.9628521633956192
nonlinear_comsol,internal_test,configured_data_pool,mlp,0.5,1,5,1.3753592320681562,0.0547295946420608,1.4794758414111602,0.46032828916915414,0.08484204650596494,1.065742670810699
nonlinear_comsol,internal_test,configured_data_pool,cnn1d,0.5,1,5,2.0313591545943264,0.07370472102015806,2.117936942905062,0.46032828916915414,0.07336684667212556,1.037470446832338
nonlinear_comsol,internal_test,configured_data_pool,tcn,0.5,1,5,1.6875032140003252,0.0630436567768224,1.744104794225022,0.46032828916915414,0.11076664736388153,1.0702505730555696
nonlinear_comsol,internal_test,configured_data_pool,gru,0.5,1,5,2.855452936906597,0.08268086957079335,2.9252515061983995,0.46032828916915414,0.08851876733141673,1.0319916419786046
nonlinear_comsol,internal_test,configured_data_pool,lstm,0.5,1,5,2.8075274076018957,0.06952230627713553,2.872516550474693,0.46032828916915414,0.10840898654896769,1.0401645906690813
nonlinear_comsol,external_core,core,physical_rc,0.0,9,1,0.19053742239990462,0.0,0.5027701695503778,0.0,0.0,1.0
nonlinear_comsol,external_core,core,mlp,0.0,9,1,1.9575946592575493,0.0,4.720684924801899,0.0,0.0,1.0
nonlinear_comsol,external_core,core,cnn1d,0.0,9,1,1.4425998862871936,0.0,5.14106529275523,0.0,0.0,1.0
nonlinear_comsol,external_core,core,tcn,0.0,9,1,1.1295077896252252,0.0,3.2282538194911448,0.0,0.0,1.0
nonlinear_comsol,external_core,core,gru,0.0,9,1,1.7674787828749645,0.0,8.111224922693435,0.0,0.0,1.0
nonlinear_comsol,external_core,core,lstm,0.0,9,1,1.9931388228845646,0.0,7.016508619958748,0.0,0.0,1.0
nonlinear_comsol,external_core,core,physical_rc,0.15,9,5,0.18887106724489433,0.0053379572764991,0.5317192666163115,0.1228976788890899,-0.0016663551550102906,0.991254446848174
nonlinear_comsol,external_core,core,mlp,0.15,9,5,1.9712799337622922,0.01209509831156573,4.77811055391215,0.1228976788890899,0.013685274504742884,1.0069908621991916
nonlinear_comsol,external_core,core,cnn1d,0.15,9,5,1.4502421879511196,0.012891896274741592,5.185760125595639,0.1228976788890899,0.007642301663925988,1.0052975892598985
nonlinear_comsol,external_core,core,tcn,0.15,9,5,1.1304076935922363,0.0129862244982562,3.2610233581428947,0.1228976788890899,0.0008999039670110065,1.0007967222318224
nonlinear_comsol,external_core,core,gru,0.15,9,5,1.7699759191340536,0.00674877262064318,8.175722538833949,0.1228976788890899,0.0024971362590890944,1.0014128238954174
nonlinear_comsol,external_core,core,lstm,0.15,9,5,2.006388450612037,0.006499785501799691,7.074099140501825,0.1228976788890899,0.01324962772747229,1.0066476191097902
nonlinear_comsol,external_core,core,physical_rc,0.5,9,5,0.2560267507877735,0.03662270927504734,0.6130444110708358,0.4706758226873243,0.06548932838786886,1.3437084828953876
nonlinear_comsol,external_core,core,mlp,0.5,9,5,2.021247820478889,0.047636587364062954,4.794332084195729,0.4706758226873243,0.0636531612213398,1.032516006784306
nonlinear_comsol,external_core,core,cnn1d,0.5,9,5,1.5566903780886872,0.03754086391294014,5.166840860382336,0.4706758226873243,0.11409049180149355,1.0790867189759228
nonlinear_comsol,external_core,core,tcn,0.5,9,5,1.2458903701142945,0.061232645988671765,3.405244160567291,0.4706758226873243,0.11638258048906924,1.103038315944404
nonlinear_comsol,external_core,core,gru,0.5,9,5,1.906861731222758,0.07608738841189816,8.345439608093432,0.4706758226873243,0.13938294834779352,1.0788597575814034
nonlinear_comsol,external_core,core,lstm,0.5,9,5,2.132881659896772,0.05017954786010358,7.270892169475775,0.4706758226873243,0.13974283701220758,1.0701119437380509
high_fidelity_comsol,external_core,core,physical_rc,0.0,1,1,0.047652987041397525,0.0,0.047652987041397525,0.0,0.0,1.0
high_fidelity_comsol,external_core,core,mlp,0.0,1,1,0.6572599361800726,0.0,0.6572599361800726,0.0,0.0,1.0
high_fidelity_comsol,external_core,core,cnn1d,0.0,1,1,0.650328088648797,0.0,0.650328088648797,0.0,0.0,1.0
high_fidelity_comsol,external_core,core,tcn,0.0,1,1,0.7858893590037695,0.0,0.7858893590037695,0.0,0.0,1.0
high_fidelity_comsol,external_core,core,gru,0.0,1,1,0.32819385716459476,0.0,0.32819385716459476,0.0,0.0,1.0
high_fidelity_comsol,external_core,core,lstm,0.0,1,1,0.7102361602172838,0.0,0.7102361602172838,0.0,0.0,1.0
high_fidelity_comsol,external_core,core,physical_rc,0.15,1,5,0.09033416589158494,0.02372789966477926,0.11443700610454394,0.155118071931617,0.042681178850187414,1.8956663894565318
high_fidelity_comsol,external_core,core,mlp,0.15,1,5,0.6838343158602532,0.06693807813845712,0.7772324301282278,0.155118071931617,0.026574379680180615,1.0404320698970764
high_fidelity_comsol,external_core,core,cnn1d,0.15,1,5,0.6846353090156615,0.03796828660474735,0.7376087090550715,0.155118071931617,0.03430722036686451,1.0527537114968315
high_fidelity_comsol,external_core,core,tcn,0.15,1,5,0.8029988155229978,0.07116232102587838,0.9072228476930821,0.155118071931617,0.01710945651922824,1.0217708209472602
high_fidelity_comsol,external_core,core,gru,0.15,1,5,0.3715002616910756,0.05950154410450714,0.42975886416264203,0.155118071931617,0.043306404526480824,1.131953732774352
high_fidelity_comsol,external_core,core,lstm,0.15,1,5,0.7315204447829421,0.06293229996271613,0.8219470288705074,0.155118071931617,0.02128428456565834,1.0299678976625843
high_fidelity_comsol,external_core,core,physical_rc,0.5,1,5,0.34362341152824555,0.12228722148606885,0.5380077441156493,0.6519922400518154,0.295970424486848,7.210952195498888
high_fidelity_comsol,external_core,core,mlp,0.5,1,5,0.8728354996868504,0.1645159563280317,1.1129071891165947,0.6519922400518154,0.21557556350677776,1.3279913343869412
high_fidelity_comsol,external_core,core,cnn1d,0.5,1,5,0.9132481104927821,0.19776235468927064,1.1681561103690414,0.6519922400518154,0.2629200218439851,1.404288276076558
high_fidelity_comsol,external_core,core,tcn,0.5,1,5,1.0522334023605076,0.1779246705324852,1.3343817275199248,0.6519922400518154,0.266344043356738,1.338907812283358
high_fidelity_comsol,external_core,core,gru,0.5,1,5,0.773146602783221,0.2836566266752403,1.2073531944990357,0.6519922400518154,0.44495274561862624,2.355761955640367
high_fidelity_comsol,external_core,core,lstm,0.5,1,5,0.9814509316274933,0.16842722289509085,1.2305597315004277,0.6519922400518154,0.27121477141020955,1.3818656196373278
