dataset,model,best_epoch,best_validation_open_loop_rmse_k,parameter_count,training_seconds,train_cases,validation_cases,test_cases
topcell,mlp,40,0.37084461445965594,3396,3.2923912000842392,160,31,37
topcell,cnn1d,175,0.2421931729530262,5220,33.2088559998665,160,31,37
topcell,tcn,45,0.5923163086925508,8324,31.947817499982193,160,31,37
topcell,gru,300,0.12563651780177068,5348,56.193653400056064,160,31,37
topcell,lstm,120,0.169846768179814,6692,18.66346239997074,160,31,37
linear_comsol,mlp,155,0.09680228946030675,2819,2.218527599936351,12,2,2
linear_comsol,cnn1d,300,0.07067398830927302,4963,11.696785900043324,12,2,2
linear_comsol,tcn,110,0.09662337557221157,8067,11.108490499900654,12,2,2
linear_comsol,gru,65,0.14425996333534444,5091,4.373301000101492,12,2,2
linear_comsol,lstm,70,0.10117748285631759,6371,3.1940423001069576,12,2,2
nonlinear_comsol,mlp,300,0.9359789440867632,3107,0.9438233999535441,8,1,1
nonlinear_comsol,cnn1d,245,0.47183323136936506,5091,2.242390900151804,8,1,1
nonlinear_comsol,tcn,215,0.5848238040227884,8195,3.9468929001595825,8,1,1
nonlinear_comsol,gru,300,0.9000188252420392,5219,3.0895111998543143,8,1,1
nonlinear_comsol,lstm,300,1.0403486720052513,6531,2.14103959989734,8,1,1
