case_id,file,path,family,scenario,init,brine,heater,plasma,temp_min,temp_max,endpoint_mean
temp_10_120_0_const_cold,temp_10_120_0_const_cold.csv,topcell_benchmark_v0\data\raw\temp_10_120_0_const_cold.csv,constant,constant,cold,10.0,120.0,0.0,45.0,70.97788,69.422887
temp_10_120_0_const_gradient,temp_10_120_0_const_gradient.csv,topcell_benchmark_v0\data\raw\temp_10_120_0_const_gradient.csv,constant,constant,gradient,10.0,120.0,0.0,54.0,72.056075,70.47139025
temp_10_120_0_const_nominal,temp_10_120_0_const_nominal.csv,topcell_benchmark_v0\data\raw\temp_10_120_0_const_nominal.csv,constant,constant,nominal,10.0,120.0,0.0,55.0,71.804151,70.22640225
temp_10_120_100_const_cold,temp_10_120_100_const_cold.csv,topcell_benchmark_v0\data\raw\temp_10_120_100_const_cold.csv,constant,constant,cold,10.0,120.0,100.0,45.0,118.192442,106.65999425
temp_10_120_100_const_gradient,temp_10_120_100_const_gradient.csv,topcell_benchmark_v0\data\raw\temp_10_120_100_const_gradient.csv,constant,constant,gradient,10.0,120.0,100.0,54.0,119.363441,107.70849725000001
temp_10_120_100_const_nominal,temp_10_120_100_const_nominal.csv,topcell_benchmark_v0\data\raw\temp_10_120_100_const_nominal.csv,constant,constant,nominal,10.0,120.0,100.0,55.0,119.089856,107.4635095
temp_10_120_150_const_cold,temp_10_120_150_const_cold.csv,topcell_benchmark_v0\data\raw\temp_10_120_150_const_cold.csv,constant,constant,cold,10.0,120.0,150.0,45.0,142.182822,125.278548
temp_10_120_150_const_gradient,temp_10_120_150_const_gradient.csv,topcell_benchmark_v0\data\raw\temp_10_120_150_const_gradient.csv,constant,constant,gradient,10.0,120.0,150.0,54.0,143.353821,126.32705125
temp_10_120_150_const_nominal,temp_10_120_150_const_nominal.csv,topcell_benchmark_v0\data\raw\temp_10_120_150_const_nominal.csv,constant,constant,nominal,10.0,120.0,150.0,55.0,143.080236,126.08206325
temp_10_120_50_const_cold,temp_10_120_50_const_cold.csv,topcell_benchmark_v0\data\raw\temp_10_120_50_const_cold.csv,constant,constant,cold,10.0,120.0,50.0,45.0,94.202063,88.0414405
temp_10_120_50_const_gradient,temp_10_120_50_const_gradient.csv,topcell_benchmark_v0\data\raw\temp_10_120_50_const_gradient.csv,constant,constant,gradient,10.0,120.0,50.0,54.0,95.373062,89.08994375
temp_10_120_50_const_nominal,temp_10_120_50_const_nominal.csv,topcell_benchmark_v0\data\raw\temp_10_120_50_const_nominal.csv,constant,constant,nominal,10.0,120.0,50.0,55.0,95.099477,88.84495575
temp_10_160_0_const_cold,temp_10_160_0_const_cold.csv,topcell_benchmark_v0\data\raw\temp_10_160_0_const_cold.csv,constant,constant,cold,10.0,160.0,0.0,45.0,88.706796,85.86718350000001
temp_10_160_0_const_gradient,temp_10_160_0_const_gradient.csv,topcell_benchmark_v0\data\raw\temp_10_160_0_const_gradient.csv,constant,constant,gradient,10.0,160.0,0.0,54.0,89.784991,86.91568649999999
temp_10_160_0_const_nominal,temp_10_160_0_const_nominal.csv,topcell_benchmark_v0\data\raw\temp_10_160_0_const_nominal.csv,constant,constant,nominal,10.0,160.0,0.0,55.0,89.533067,86.67069875
temp_10_160_100_const_cold,temp_10_160_100_const_cold.csv,topcell_benchmark_v0\data\raw\temp_10_160_100_const_cold.csv,constant,constant,cold,10.0,160.0,100.0,45.0,135.45687,123.10429125
temp_10_160_100_const_gradient,temp_10_160_100_const_gradient.csv,topcell_benchmark_v0\data\raw\temp_10_160_100_const_gradient.csv,constant,constant,gradient,10.0,160.0,100.0,54.0,136.627869,124.152794
temp_10_160_100_const_nominal,temp_10_160_100_const_nominal.csv,topcell_benchmark_v0\data\raw\temp_10_160_100_const_nominal.csv,constant,constant,nominal,10.0,160.0,100.0,55.0,136.354284,123.90780650000002
temp_10_160_150_const_cold,temp_10_160_150_const_cold.csv,topcell_benchmark_v0\data\raw\temp_10_160_150_const_cold.csv,constant,constant,cold,10.0,160.0,150.0,45.0,159.447249,141.72284474999998
temp_10_160_150_const_gradient,temp_10_160_150_const_gradient.csv,topcell_benchmark_v0\data\raw\temp_10_160_150_const_gradient.csv,constant,constant,gradient,10.0,160.0,150.0,54.0,160.618248,142.7713475
temp_10_160_150_const_nominal,temp_10_160_150_const_nominal.csv,topcell_benchmark_v0\data\raw\temp_10_160_150_const_nominal.csv,constant,constant,nominal,10.0,160.0,150.0,55.0,160.344663,142.52636
temp_10_160_50_const_cold,temp_10_160_50_const_cold.csv,topcell_benchmark_v0\data\raw\temp_10_160_50_const_cold.csv,constant,constant,cold,10.0,160.0,50.0,45.0,111.46649,104.485737
temp_10_160_50_const_gradient,temp_10_160_50_const_gradient.csv,topcell_benchmark_v0\data\raw\temp_10_160_50_const_gradient.csv,constant,constant,gradient,10.0,160.0,50.0,54.0,112.637489,105.53424025
temp_10_160_50_const_nominal,temp_10_160_50_const_nominal.csv,topcell_benchmark_v0\data\raw\temp_10_160_50_const_nominal.csv,constant,constant,nominal,10.0,160.0,50.0,55.0,112.363904,105.28925249999999
temp_10_200_0_const_cold,temp_10_200_0_const_cold.csv,topcell_benchmark_v0\data\raw\temp_10_200_0_const_cold.csv,constant,constant,cold,10.0,200.0,0.0,45.0,106.435713,102.31148025
temp_10_200_0_const_gradient,temp_10_200_0_const_gradient.csv,topcell_benchmark_v0\data\raw\temp_10_200_0_const_gradient.csv,constant,constant,gradient,10.0,200.0,0.0,54.0,107.513907,103.359983
temp_10_200_0_const_nominal,temp_10_200_0_const_nominal.csv,topcell_benchmark_v0\data\raw\temp_10_200_0_const_nominal.csv,constant,constant,nominal,10.0,200.0,0.0,55.0,107.261984,103.1149955
temp_10_200_100_const_cold,temp_10_200_100_const_cold.csv,topcell_benchmark_v0\data\raw\temp_10_200_100_const_cold.csv,constant,constant,cold,10.0,200.0,100.0,45.0,152.721297,139.5485875
temp_10_200_100_const_gradient,temp_10_200_100_const_gradient.csv,topcell_benchmark_v0\data\raw\temp_10_200_100_const_gradient.csv,constant,constant,gradient,10.0,200.0,100.0,54.0,153.892296,140.59709075
temp_10_200_100_const_nominal,temp_10_200_100_const_nominal.csv,topcell_benchmark_v0\data\raw\temp_10_200_100_const_nominal.csv,constant,constant,nominal,10.0,200.0,100.0,55.0,153.618711,140.352103
temp_10_200_150_const_cold,temp_10_200_150_const_cold.csv,topcell_benchmark_v0\data\raw\temp_10_200_150_const_cold.csv,constant,constant,cold,10.0,200.0,150.0,45.0,176.711676,158.16714125
temp_10_200_150_const_gradient,temp_10_200_150_const_gradient.csv,topcell_benchmark_v0\data\raw\temp_10_200_150_const_gradient.csv,constant,constant,gradient,10.0,200.0,150.0,54.0,177.882675,159.21564425000003
temp_10_200_150_const_nominal,temp_10_200_150_const_nominal.csv,topcell_benchmark_v0\data\raw\temp_10_200_150_const_nominal.csv,constant,constant,nominal,10.0,200.0,150.0,55.0,177.60909,158.97065650000002
temp_10_200_50_const_cold,temp_10_200_50_const_cold.csv,topcell_benchmark_v0\data\raw\temp_10_200_50_const_cold.csv,constant,constant,cold,10.0,200.0,50.0,45.0,128.730918,120.930034
temp_10_200_50_const_gradient,temp_10_200_50_const_gradient.csv,topcell_benchmark_v0\data\raw\temp_10_200_50_const_gradient.csv,constant,constant,gradient,10.0,200.0,50.0,54.0,129.901917,121.97853724999999
temp_10_200_50_const_nominal,temp_10_200_50_const_nominal.csv,topcell_benchmark_v0\data\raw\temp_10_200_50_const_nominal.csv,constant,constant,nominal,10.0,200.0,50.0,55.0,129.628332,121.73354925
temp_10_80_0_const_cold,temp_10_80_0_const_cold.csv,topcell_benchmark_v0\data\raw\temp_10_80_0_const_cold.csv,constant,constant,cold,10.0,80.0,0.0,45.0,53.248963,52.97859000000001
temp_10_80_0_const_gradient,temp_10_80_0_const_gradient.csv,topcell_benchmark_v0\data\raw\temp_10_80_0_const_gradient.csv,constant,constant,gradient,10.0,80.0,0.0,53.633062,62.0,54.02709325
temp_10_80_0_const_nominal,temp_10_80_0_const_nominal.csv,topcell_benchmark_v0\data\raw\temp_10_80_0_const_nominal.csv,constant,constant,nominal,10.0,80.0,0.0,53.413482,55.113046,53.7821055
temp_10_80_100_const_cold,temp_10_80_100_const_cold.csv,topcell_benchmark_v0\data\raw\temp_10_80_100_const_cold.csv,constant,constant,cold,10.0,80.0,100.0,45.0,100.928015,90.21569775
temp_10_80_100_const_gradient,temp_10_80_100_const_gradient.csv,topcell_benchmark_v0\data\raw\temp_10_80_100_const_gradient.csv,constant,constant,gradient,10.0,80.0,100.0,54.0,102.099014,91.2642005
temp_10_80_100_const_nominal,temp_10_80_100_const_nominal.csv,topcell_benchmark_v0\data\raw\temp_10_80_100_const_nominal.csv,constant,constant,nominal,10.0,80.0,100.0,55.0,101.825429,91.019213
temp_10_80_150_const_cold,temp_10_80_150_const_cold.csv,topcell_benchmark_v0\data\raw\temp_10_80_150_const_cold.csv,constant,constant,cold,10.0,80.0,150.0,45.0,124.918394,108.83425125000001
temp_10_80_150_const_gradient,temp_10_80_150_const_gradient.csv,topcell_benchmark_v0\data\raw\temp_10_80_150_const_gradient.csv,constant,constant,gradient,10.0,80.0,150.0,54.0,126.089393,109.8827545
temp_10_80_150_const_nominal,temp_10_80_150_const_nominal.csv,topcell_benchmark_v0\data\raw\temp_10_80_150_const_nominal.csv,constant,constant,nominal,10.0,80.0,150.0,55.0,125.815808,109.6377665
temp_10_80_50_const_cold,temp_10_80_50_const_cold.csv,topcell_benchmark_v0\data\raw\temp_10_80_50_const_cold.csv,constant,constant,cold,10.0,80.0,50.0,45.0,76.937636,71.597144
temp_10_80_50_const_gradient,temp_10_80_50_const_gradient.csv,topcell_benchmark_v0\data\raw\temp_10_80_50_const_gradient.csv,constant,constant,gradient,10.0,80.0,50.0,54.0,78.108635,72.645647
temp_10_80_50_const_nominal,temp_10_80_50_const_nominal.csv,topcell_benchmark_v0\data\raw\temp_10_80_50_const_nominal.csv,constant,constant,nominal,10.0,80.0,50.0,55.0,77.83505,72.40065924999999
temp_20_120_0_const_cold,temp_20_120_0_const_cold.csv,topcell_benchmark_v0\data\raw\temp_20_120_0_const_cold.csv,constant,constant,cold,20.0,120.0,0.0,45.0,67.855097,66.2585555
temp_20_120_0_const_gradient,temp_20_120_0_const_gradient.csv,topcell_benchmark_v0\data\raw\temp_20_120_0_const_gradient.csv,constant,constant,gradient,20.0,120.0,0.0,54.0,68.933292,67.3070585
temp_20_120_0_const_nominal,temp_20_120_0_const_nominal.csv,topcell_benchmark_v0\data\raw\temp_20_120_0_const_nominal.csv,constant,constant,nominal,20.0,120.0,0.0,55.0,68.681368,67.06207075
temp_20_120_100_const_cold,temp_20_120_100_const_cold.csv,topcell_benchmark_v0\data\raw\temp_20_120_100_const_cold.csv,constant,constant,cold,20.0,120.0,100.0,45.0,115.221502,103.495663
temp_20_120_100_const_gradient,temp_20_120_100_const_gradient.csv,topcell_benchmark_v0\data\raw\temp_20_120_100_const_gradient.csv,constant,constant,gradient,20.0,120.0,100.0,54.0,116.392501,104.544166
temp_20_120_100_const_nominal,temp_20_120_100_const_nominal.csv,topcell_benchmark_v0\data\raw\temp_20_120_100_const_nominal.csv,constant,constant,nominal,20.0,120.0,100.0,55.0,116.118916,104.2991785
temp_20_120_100_recipe,temp_20_120_100_recipe.csv,topcell_benchmark_v0\data\raw\temp_20_120_100_recipe.csv,dynamic,recipe,nominal_or_recipe,20.0,120.0,100.0,54.0,109.939673,79.32016225
temp_20_120_100_step_brine,temp_20_120_100_step_brine.csv,topcell_benchmark_v0\data\raw\temp_20_120_100_step_brine.csv,dynamic,step_brine,nominal_or_recipe,20.0,120.0,100.0,55.0,116.118916,104.2991785
temp_20_120_100_step_heater,temp_20_120_100_step_heater.csv,topcell_benchmark_v0\data\raw\temp_20_120_100_step_heater.csv,dynamic,step_heater,nominal_or_recipe,20.0,120.0,100.0,55.0,114.584646,102.9253645
temp_20_120_100_step_plasma,temp_20_120_100_step_plasma.csv,topcell_benchmark_v0\data\raw\temp_20_120_100_step_plasma.csv,dynamic,step_plasma,nominal_or_recipe,20.0,120.0,100.0,55.0,107.076609,80.17581200000001
temp_20_120_150_const_cold,temp_20_120_150_const_cold.csv,topcell_benchmark_v0\data\raw\temp_20_120_150_const_cold.csv,constant,constant,cold,20.0,120.0,150.0,45.0,139.211881,122.11421675
temp_20_120_150_const_gradient,temp_20_120_150_const_gradient.csv,topcell_benchmark_v0\data\raw\temp_20_120_150_const_gradient.csv,constant,constant,gradient,20.0,120.0,150.0,54.0,140.38288,123.16271975
temp_20_120_150_const_nominal,temp_20_120_150_const_nominal.csv,topcell_benchmark_v0\data\raw\temp_20_120_150_const_nominal.csv,constant,constant,nominal,20.0,120.0,150.0,55.0,140.109295,122.917732
temp_20_120_50_const_cold,temp_20_120_50_const_cold.csv,topcell_benchmark_v0\data\raw\temp_20_120_50_const_cold.csv,constant,constant,cold,20.0,120.0,50.0,45.0,91.231123,84.87710925
temp_20_120_50_const_gradient,temp_20_120_50_const_gradient.csv,topcell_benchmark_v0\data\raw\temp_20_120_50_const_gradient.csv,constant,constant,gradient,20.0,120.0,50.0,54.0,92.402121,85.92561225
temp_20_120_50_const_nominal,temp_20_120_50_const_nominal.csv,topcell_benchmark_v0\data\raw\temp_20_120_50_const_nominal.csv,constant,constant,nominal,20.0,120.0,50.0,55.0,92.128537,85.68062474999999
temp_20_160_0_const_cold,temp_20_160_0_const_cold.csv,topcell_benchmark_v0\data\raw\temp_20_160_0_const_cold.csv,constant,constant,cold,20.0,160.0,0.0,45.0,85.584014,82.70285249999999
temp_20_160_0_const_gradient,temp_20_160_0_const_gradient.csv,topcell_benchmark_v0\data\raw\temp_20_160_0_const_gradient.csv,constant,constant,gradient,20.0,160.0,0.0,54.0,86.662208,83.75135525
temp_20_160_0_const_nominal,temp_20_160_0_const_nominal.csv,topcell_benchmark_v0\data\raw\temp_20_160_0_const_nominal.csv,constant,constant,nominal,20.0,160.0,0.0,55.0,86.410285,83.50636775
temp_20_160_100_const_cold,temp_20_160_100_const_cold.csv,topcell_benchmark_v0\data\raw\temp_20_160_100_const_cold.csv,constant,constant,cold,20.0,160.0,100.0,45.0,132.485929,119.9399595
temp_20_160_100_const_gradient,temp_20_160_100_const_gradient.csv,topcell_benchmark_v0\data\raw\temp_20_160_100_const_gradient.csv,constant,constant,gradient,20.0,160.0,100.0,54.0,133.656928,120.98846275
temp_20_160_100_const_nominal,temp_20_160_100_const_nominal.csv,topcell_benchmark_v0\data\raw\temp_20_160_100_const_nominal.csv,constant,constant,nominal,20.0,160.0,100.0,55.0,133.383343,120.74347499999999
temp_20_160_150_const_cold,temp_20_160_150_const_cold.csv,topcell_benchmark_v0\data\raw\temp_20_160_150_const_cold.csv,constant,constant,cold,20.0,160.0,150.0,45.0,156.476309,138.5585135
temp_20_160_150_const_gradient,temp_20_160_150_const_gradient.csv,topcell_benchmark_v0\data\raw\temp_20_160_150_const_gradient.csv,constant,constant,gradient,20.0,160.0,150.0,54.0,157.647307,139.60701625000002
temp_20_160_150_const_nominal,temp_20_160_150_const_nominal.csv,topcell_benchmark_v0\data\raw\temp_20_160_150_const_nominal.csv,constant,constant,nominal,20.0,160.0,150.0,55.0,157.373723,139.36202875
temp_20_160_50_const_cold,temp_20_160_50_const_cold.csv,topcell_benchmark_v0\data\raw\temp_20_160_50_const_cold.csv,constant,constant,cold,20.0,160.0,50.0,45.0,108.49555,101.321406
temp_20_160_50_const_gradient,temp_20_160_50_const_gradient.csv,topcell_benchmark_v0\data\raw\temp_20_160_50_const_gradient.csv,constant,constant,gradient,20.0,160.0,50.0,54.0,109.666549,102.36990899999999
temp_20_160_50_const_nominal,temp_20_160_50_const_nominal.csv,topcell_benchmark_v0\data\raw\temp_20_160_50_const_nominal.csv,constant,constant,nominal,20.0,160.0,50.0,55.0,109.392964,102.12492125
temp_20_200_0_const_cold,temp_20_200_0_const_cold.csv,topcell_benchmark_v0\data\raw\temp_20_200_0_const_cold.csv,constant,constant,cold,20.0,200.0,0.0,45.0,103.31293,99.147149
temp_20_200_0_const_gradient,temp_20_200_0_const_gradient.csv,topcell_benchmark_v0\data\raw\temp_20_200_0_const_gradient.csv,constant,constant,gradient,20.0,200.0,0.0,54.0,104.391125,100.195652
temp_20_200_0_const_nominal,temp_20_200_0_const_nominal.csv,topcell_benchmark_v0\data\raw\temp_20_200_0_const_nominal.csv,constant,constant,nominal,20.0,200.0,0.0,55.0,104.139201,99.95066425
temp_20_200_100_const_cold,temp_20_200_100_const_cold.csv,topcell_benchmark_v0\data\raw\temp_20_200_100_const_cold.csv,constant,constant,cold,20.0,200.0,100.0,45.0,149.750357,136.38425625000002
temp_20_200_100_const_gradient,temp_20_200_100_const_gradient.csv,topcell_benchmark_v0\data\raw\temp_20_200_100_const_gradient.csv,constant,constant,gradient,20.0,200.0,100.0,54.0,150.921355,137.43275925
temp_20_200_100_const_nominal,temp_20_200_100_const_nominal.csv,topcell_benchmark_v0\data\raw\temp_20_200_100_const_nominal.csv,constant,constant,nominal,20.0,200.0,100.0,55.0,150.647771,137.1877715
temp_20_200_150_const_cold,temp_20_200_150_const_cold.csv,topcell_benchmark_v0\data\raw\temp_20_200_150_const_cold.csv,constant,constant,cold,20.0,200.0,150.0,45.0,173.740736,155.00281
temp_20_200_150_const_gradient,temp_20_200_150_const_gradient.csv,topcell_benchmark_v0\data\raw\temp_20_200_150_const_gradient.csv,constant,constant,gradient,20.0,200.0,150.0,54.0,174.911735,156.051313
temp_20_200_150_const_nominal,temp_20_200_150_const_nominal.csv,topcell_benchmark_v0\data\raw\temp_20_200_150_const_nominal.csv,constant,constant,nominal,20.0,200.0,150.0,55.0,174.63815,155.8063255
temp_20_200_150_recipe,temp_20_200_150_recipe.csv,topcell_benchmark_v0\data\raw\temp_20_200_150_recipe.csv,dynamic,recipe,nominal_or_recipe,20.0,200.0,150.0,54.0,156.923146,101.40006374999999
temp_20_200_150_step_brine,temp_20_200_150_step_brine.csv,topcell_benchmark_v0\data\raw\temp_20_200_150_step_brine.csv,dynamic,step_brine,nominal_or_recipe,20.0,200.0,150.0,55.0,174.63815,155.8063255
temp_20_200_150_step_heater,temp_20_200_150_step_heater.csv,topcell_benchmark_v0\data\raw\temp_20_200_150_step_heater.csv,dynamic,step_heater,nominal_or_recipe,20.0,200.0,150.0,55.0,154.194495,133.1766945
temp_20_200_150_step_plasma,temp_20_200_150_step_plasma.csv,topcell_benchmark_v0\data\raw\temp_20_200_150_step_plasma.csv,dynamic,step_plasma,nominal_or_recipe,20.0,200.0,150.0,55.0,157.626789,119.621276
temp_20_200_50_const_cold,temp_20_200_50_const_cold.csv,topcell_benchmark_v0\data\raw\temp_20_200_50_const_cold.csv,constant,constant,cold,20.0,200.0,50.0,45.0,125.759977,117.7657025
temp_20_200_50_const_gradient,temp_20_200_50_const_gradient.csv,topcell_benchmark_v0\data\raw\temp_20_200_50_const_gradient.csv,constant,constant,gradient,20.0,200.0,50.0,54.0,126.930976,118.81420575
temp_20_200_50_const_nominal,temp_20_200_50_const_nominal.csv,topcell_benchmark_v0\data\raw\temp_20_200_50_const_nominal.csv,constant,constant,nominal,20.0,200.0,50.0,55.0,126.657391,118.56921774999999
temp_20_80_0_const_cold,temp_20_80_0_const_cold.csv,topcell_benchmark_v0\data\raw\temp_20_80_0_const_cold.csv,constant,constant,cold,20.0,80.0,0.0,45.0,50.126181,49.81425900000001
temp_20_80_0_const_gradient,temp_20_80_0_const_gradient.csv,topcell_benchmark_v0\data\raw\temp_20_80_0_const_gradient.csv,constant,constant,gradient,20.0,80.0,0.0,50.303856,62.0,50.86276225
temp_20_80_0_const_nominal,temp_20_80_0_const_nominal.csv,topcell_benchmark_v0\data\raw\temp_20_80_0_const_nominal.csv,constant,constant,nominal,20.0,80.0,0.0,50.084276,55.01,50.61777425
temp_20_80_100_const_cold,temp_20_80_100_const_cold.csv,topcell_benchmark_v0\data\raw\temp_20_80_100_const_cold.csv,constant,constant,cold,20.0,80.0,100.0,45.0,97.957074,87.05136625
temp_20_80_100_const_gradient,temp_20_80_100_const_gradient.csv,topcell_benchmark_v0\data\raw\temp_20_80_100_const_gradient.csv,constant,constant,gradient,20.0,80.0,100.0,54.0,99.128073,88.0998695
temp_20_80_100_const_nominal,temp_20_80_100_const_nominal.csv,topcell_benchmark_v0\data\raw\temp_20_80_100_const_nominal.csv,constant,constant,nominal,20.0,80.0,100.0,55.0,98.854489,87.85488175
temp_20_80_150_const_cold,temp_20_80_150_const_cold.csv,topcell_benchmark_v0\data\raw\temp_20_80_150_const_cold.csv,constant,constant,cold,20.0,80.0,150.0,45.0,121.947454,105.66992
temp_20_80_150_const_gradient,temp_20_80_150_const_gradient.csv,topcell_benchmark_v0\data\raw\temp_20_80_150_const_gradient.csv,constant,constant,gradient,20.0,80.0,150.0,54.0,123.118453,106.7184235
temp_20_80_150_const_nominal,temp_20_80_150_const_nominal.csv,topcell_benchmark_v0\data\raw\temp_20_80_150_const_nominal.csv,constant,constant,nominal,20.0,80.0,150.0,55.0,122.844868,106.47343525
temp_20_80_50_const_cold,temp_20_80_50_const_cold.csv,topcell_benchmark_v0\data\raw\temp_20_80_50_const_cold.csv,constant,constant,cold,20.0,80.0,50.0,45.0,73.966695,68.4328125
temp_20_80_50_const_gradient,temp_20_80_50_const_gradient.csv,topcell_benchmark_v0\data\raw\temp_20_80_50_const_gradient.csv,constant,constant,gradient,20.0,80.0,50.0,54.0,75.137694,69.48131599999999
temp_20_80_50_const_nominal,temp_20_80_50_const_nominal.csv,topcell_benchmark_v0\data\raw\temp_20_80_50_const_nominal.csv,constant,constant,nominal,20.0,80.0,50.0,54.956278,74.864109,69.23632775
temp_30_120_0_const_cold,temp_30_120_0_const_cold.csv,topcell_benchmark_v0\data\raw\temp_30_120_0_const_cold.csv,constant,constant,cold,30.0,120.0,0.0,45.0,64.732315,63.0942245
temp_30_120_0_const_gradient,temp_30_120_0_const_gradient.csv,topcell_benchmark_v0\data\raw\temp_30_120_0_const_gradient.csv,constant,constant,gradient,30.0,120.0,0.0,54.0,65.810509,64.14272749999999
temp_30_120_0_const_nominal,temp_30_120_0_const_nominal.csv,topcell_benchmark_v0\data\raw\temp_30_120_0_const_nominal.csv,constant,constant,nominal,30.0,120.0,0.0,54.873939,65.558586,63.89773975
temp_30_120_100_const_cold,temp_30_120_100_const_cold.csv,topcell_benchmark_v0\data\raw\temp_30_120_100_const_cold.csv,constant,constant,cold,30.0,120.0,100.0,45.0,112.250561,100.33133149999999
temp_30_120_100_const_gradient,temp_30_120_100_const_gradient.csv,topcell_benchmark_v0\data\raw\temp_30_120_100_const_gradient.csv,constant,constant,gradient,30.0,120.0,100.0,54.0,113.42156,101.379835
temp_30_120_100_const_nominal,temp_30_120_100_const_nominal.csv,topcell_benchmark_v0\data\raw\temp_30_120_100_const_nominal.csv,constant,constant,nominal,30.0,120.0,100.0,55.0,113.147975,101.134847
temp_30_120_150_const_cold,temp_30_120_150_const_cold.csv,topcell_benchmark_v0\data\raw\temp_30_120_150_const_cold.csv,constant,constant,cold,30.0,120.0,150.0,45.0,136.240941,118.9498855
temp_30_120_150_const_gradient,temp_30_120_150_const_gradient.csv,topcell_benchmark_v0\data\raw\temp_30_120_150_const_gradient.csv,constant,constant,gradient,30.0,120.0,150.0,54.0,137.41194,119.99838874999999
temp_30_120_150_const_nominal,temp_30_120_150_const_nominal.csv,topcell_benchmark_v0\data\raw\temp_30_120_150_const_nominal.csv,constant,constant,nominal,30.0,120.0,150.0,55.0,137.138355,119.75340075
temp_30_120_50_const_cold,temp_30_120_50_const_cold.csv,topcell_benchmark_v0\data\raw\temp_30_120_50_const_cold.csv,constant,constant,cold,30.0,120.0,50.0,45.0,88.260182,81.712778
temp_30_120_50_const_gradient,temp_30_120_50_const_gradient.csv,topcell_benchmark_v0\data\raw\temp_30_120_50_const_gradient.csv,constant,constant,gradient,30.0,120.0,50.0,54.0,89.431181,82.76128125
temp_30_120_50_const_nominal,temp_30_120_50_const_nominal.csv,topcell_benchmark_v0\data\raw\temp_30_120_50_const_nominal.csv,constant,constant,nominal,30.0,120.0,50.0,55.0,89.157596,82.51629324999999
temp_30_160_0_const_cold,temp_30_160_0_const_cold.csv,topcell_benchmark_v0\data\raw\temp_30_160_0_const_cold.csv,constant,constant,cold,30.0,160.0,0.0,45.0,82.461231,79.53852099999999
temp_30_160_0_const_gradient,temp_30_160_0_const_gradient.csv,topcell_benchmark_v0\data\raw\temp_30_160_0_const_gradient.csv,constant,constant,gradient,30.0,160.0,0.0,54.0,83.539426,80.58702400000001
temp_30_160_0_const_nominal,temp_30_160_0_const_nominal.csv,topcell_benchmark_v0\data\raw\temp_30_160_0_const_nominal.csv,constant,constant,nominal,30.0,160.0,0.0,55.0,83.287502,80.34203625
temp_30_160_100_const_cold,temp_30_160_100_const_cold.csv,topcell_benchmark_v0\data\raw\temp_30_160_100_const_cold.csv,constant,constant,cold,30.0,160.0,100.0,45.0,129.514989,116.77562825
temp_30_160_100_const_gradient,temp_30_160_100_const_gradient.csv,topcell_benchmark_v0\data\raw\temp_30_160_100_const_gradient.csv,constant,constant,gradient,30.0,160.0,100.0,54.0,130.685988,117.82413174999999
temp_30_160_100_const_nominal,temp_30_160_100_const_nominal.csv,topcell_benchmark_v0\data\raw\temp_30_160_100_const_nominal.csv,constant,constant,nominal,30.0,160.0,100.0,55.0,130.412403,117.57914350000001
temp_30_160_150_const_cold,temp_30_160_150_const_cold.csv,topcell_benchmark_v0\data\raw\temp_30_160_150_const_cold.csv,constant,constant,cold,30.0,160.0,150.0,45.0,153.505368,135.394182
temp_30_160_150_const_gradient,temp_30_160_150_const_gradient.csv,topcell_benchmark_v0\data\raw\temp_30_160_150_const_gradient.csv,constant,constant,gradient,30.0,160.0,150.0,54.0,154.676367,136.44268524999998
temp_30_160_150_const_nominal,temp_30_160_150_const_nominal.csv,topcell_benchmark_v0\data\raw\temp_30_160_150_const_nominal.csv,constant,constant,nominal,30.0,160.0,150.0,55.0,154.402782,136.1976975
temp_30_160_150_recipe,temp_30_160_150_recipe.csv,topcell_benchmark_v0\data\raw\temp_30_160_150_recipe.csv,dynamic,recipe,nominal_or_recipe,30.0,160.0,150.0,54.0,141.272696,93.7085965
temp_30_160_150_step_brine,temp_30_160_150_step_brine.csv,topcell_benchmark_v0\data\raw\temp_30_160_150_step_brine.csv,dynamic,step_brine,nominal_or_recipe,30.0,160.0,150.0,55.0,155.861115,137.9558295
temp_30_160_150_step_heater,temp_30_160_150_step_heater.csv,topcell_benchmark_v0\data\raw\temp_30_160_150_step_heater.csv,dynamic,step_heater,nominal_or_recipe,30.0,160.0,150.0,55.0,142.078567,124.19597525
temp_30_160_150_step_plasma,temp_30_160_150_step_plasma.csv,topcell_benchmark_v0\data\raw\temp_30_160_150_step_plasma.csv,dynamic,step_plasma,nominal_or_recipe,30.0,160.0,150.0,55.0,139.910244,100.01264825000001
temp_30_160_50_const_cold,temp_30_160_50_const_cold.csv,topcell_benchmark_v0\data\raw\temp_30_160_50_const_cold.csv,constant,constant,cold,30.0,160.0,50.0,45.0,105.524609,98.15707450000001
temp_30_160_50_const_gradient,temp_30_160_50_const_gradient.csv,topcell_benchmark_v0\data\raw\temp_30_160_50_const_gradient.csv,constant,constant,gradient,30.0,160.0,50.0,54.0,106.695608,99.20557774999999
temp_30_160_50_const_nominal,temp_30_160_50_const_nominal.csv,topcell_benchmark_v0\data\raw\temp_30_160_50_const_nominal.csv,constant,constant,nominal,30.0,160.0,50.0,55.0,106.422023,98.96058975
temp_30_200_0_const_cold,temp_30_200_0_const_cold.csv,topcell_benchmark_v0\data\raw\temp_30_200_0_const_cold.csv,constant,constant,cold,30.0,200.0,0.0,45.0,100.190147,95.9828175
temp_30_200_0_const_gradient,temp_30_200_0_const_gradient.csv,topcell_benchmark_v0\data\raw\temp_30_200_0_const_gradient.csv,constant,constant,gradient,30.0,200.0,0.0,54.0,101.268342,97.03132049999999
temp_30_200_0_const_nominal,temp_30_200_0_const_nominal.csv,topcell_benchmark_v0\data\raw\temp_30_200_0_const_nominal.csv,constant,constant,nominal,30.0,200.0,0.0,55.0,101.016419,96.78633325000001
temp_30_200_100_const_cold,temp_30_200_100_const_cold.csv,topcell_benchmark_v0\data\raw\temp_30_200_100_const_cold.csv,constant,constant,cold,30.0,200.0,100.0,45.0,146.779416,133.219925
temp_30_200_100_const_gradient,temp_30_200_100_const_gradient.csv,topcell_benchmark_v0\data\raw\temp_30_200_100_const_gradient.csv,constant,constant,gradient,30.0,200.0,100.0,54.0,147.950415,134.268428
temp_30_200_100_const_nominal,temp_30_200_100_const_nominal.csv,topcell_benchmark_v0\data\raw\temp_30_200_100_const_nominal.csv,constant,constant,nominal,30.0,200.0,100.0,55.0,147.67683,134.02344025
temp_30_200_150_const_cold,temp_30_200_150_const_cold.csv,topcell_benchmark_v0\data\raw\temp_30_200_150_const_cold.csv,constant,constant,cold,30.0,200.0,150.0,45.0,170.769795,151.83847874999998
temp_30_200_150_const_gradient,temp_30_200_150_const_gradient.csv,topcell_benchmark_v0\data\raw\temp_30_200_150_const_gradient.csv,constant,constant,gradient,30.0,200.0,150.0,54.0,171.940794,152.8869815
temp_30_200_150_const_nominal,temp_30_200_150_const_nominal.csv,topcell_benchmark_v0\data\raw\temp_30_200_150_const_nominal.csv,constant,constant,nominal,30.0,200.0,150.0,55.0,171.667209,152.641994
temp_30_200_50_const_cold,temp_30_200_50_const_cold.csv,topcell_benchmark_v0\data\raw\temp_30_200_50_const_cold.csv,constant,constant,cold,30.0,200.0,50.0,45.0,122.789037,114.60137125
temp_30_200_50_const_gradient,temp_30_200_50_const_gradient.csv,topcell_benchmark_v0\data\raw\temp_30_200_50_const_gradient.csv,constant,constant,gradient,30.0,200.0,50.0,54.0,123.960036,115.6498745
temp_30_200_50_const_nominal,temp_30_200_50_const_nominal.csv,topcell_benchmark_v0\data\raw\temp_30_200_50_const_nominal.csv,constant,constant,nominal,30.0,200.0,50.0,55.0,123.686451,115.40488675
temp_30_80_0_const_cold,temp_30_80_0_const_cold.csv,topcell_benchmark_v0\data\raw\temp_30_80_0_const_cold.csv,constant,constant,cold,30.0,80.0,0.0,44.933558,47.005375,46.649927500000004
temp_30_80_0_const_gradient,temp_30_80_0_const_gradient.csv,topcell_benchmark_v0\data\raw\temp_30_80_0_const_gradient.csv,constant,constant,gradient,30.0,80.0,0.0,46.974651,62.0,47.69843075
temp_30_80_0_const_nominal,temp_30_80_0_const_nominal.csv,topcell_benchmark_v0\data\raw\temp_30_80_0_const_nominal.csv,constant,constant,nominal,30.0,80.0,0.0,46.75507,55.0,47.45344275000001
temp_30_80_100_const_cold,temp_30_80_100_const_cold.csv,topcell_benchmark_v0\data\raw\temp_30_80_100_const_cold.csv,constant,constant,cold,30.0,80.0,100.0,45.0,94.986134,83.887035
temp_30_80_100_const_gradient,temp_30_80_100_const_gradient.csv,topcell_benchmark_v0\data\raw\temp_30_80_100_const_gradient.csv,constant,constant,gradient,30.0,80.0,100.0,54.0,96.157133,84.93553825
temp_30_80_100_const_nominal,temp_30_80_100_const_nominal.csv,topcell_benchmark_v0\data\raw\temp_30_80_100_const_nominal.csv,constant,constant,nominal,30.0,80.0,100.0,55.0,95.883548,84.69055075
temp_30_80_150_const_cold,temp_30_80_150_const_cold.csv,topcell_benchmark_v0\data\raw\temp_30_80_150_const_cold.csv,constant,constant,cold,30.0,80.0,150.0,45.0,118.976513,102.50558875
temp_30_80_150_const_gradient,temp_30_80_150_const_gradient.csv,topcell_benchmark_v0\data\raw\temp_30_80_150_const_gradient.csv,constant,constant,gradient,30.0,80.0,150.0,54.0,120.147512,103.55409175
temp_30_80_150_const_nominal,temp_30_80_150_const_nominal.csv,topcell_benchmark_v0\data\raw\temp_30_80_150_const_nominal.csv,constant,constant,nominal,30.0,80.0,150.0,55.0,119.873927,103.30910424999999
temp_30_80_50_const_cold,temp_30_80_50_const_cold.csv,topcell_benchmark_v0\data\raw\temp_30_80_50_const_cold.csv,constant,constant,cold,30.0,80.0,50.0,45.0,70.995755,65.26848125000001
temp_30_80_50_const_gradient,temp_30_80_50_const_gradient.csv,topcell_benchmark_v0\data\raw\temp_30_80_50_const_gradient.csv,constant,constant,gradient,30.0,80.0,50.0,54.0,72.166754,66.31698474999999
temp_30_80_50_const_nominal,temp_30_80_50_const_nominal.csv,topcell_benchmark_v0\data\raw\temp_30_80_50_const_nominal.csv,constant,constant,nominal,30.0,80.0,50.0,54.567628,71.893169,66.071997
temp_40_120_0_const_cold,temp_40_120_0_const_cold.csv,topcell_benchmark_v0\data\raw\temp_40_120_0_const_cold.csv,constant,constant,cold,40.0,120.0,0.0,45.0,61.609532,59.929893
temp_40_120_0_const_gradient,temp_40_120_0_const_gradient.csv,topcell_benchmark_v0\data\raw\temp_40_120_0_const_gradient.csv,constant,constant,gradient,40.0,120.0,0.0,54.0,62.687727,60.97839625
temp_40_120_0_const_nominal,temp_40_120_0_const_nominal.csv,topcell_benchmark_v0\data\raw\temp_40_120_0_const_nominal.csv,constant,constant,nominal,40.0,120.0,0.0,54.386102,62.435803,60.733408250000004
temp_40_120_100_const_cold,temp_40_120_100_const_cold.csv,topcell_benchmark_v0\data\raw\temp_40_120_100_const_cold.csv,constant,constant,cold,40.0,120.0,100.0,45.0,109.279621,97.16700025
temp_40_120_100_const_gradient,temp_40_120_100_const_gradient.csv,topcell_benchmark_v0\data\raw\temp_40_120_100_const_gradient.csv,constant,constant,gradient,40.0,120.0,100.0,54.0,110.45062,98.21550375000001
temp_40_120_100_const_nominal,temp_40_120_100_const_nominal.csv,topcell_benchmark_v0\data\raw\temp_40_120_100_const_nominal.csv,constant,constant,nominal,40.0,120.0,100.0,55.0,110.177035,97.97051575
temp_40_120_100_recipe,temp_40_120_100_recipe.csv,topcell_benchmark_v0\data\raw\temp_40_120_100_recipe.csv,dynamic,recipe,nominal_or_recipe,40.0,120.0,100.0,54.0,105.383156,76.531983
temp_40_120_100_step_brine,temp_40_120_100_step_brine.csv,topcell_benchmark_v0\data\raw\temp_40_120_100_step_brine.csv,dynamic,step_brine,nominal_or_recipe,40.0,120.0,100.0,55.0,113.0937,101.48678
temp_40_120_100_step_heater,temp_40_120_100_step_heater.csv,topcell_benchmark_v0\data\raw\temp_40_120_100_step_heater.csv,dynamic,step_heater,nominal_or_recipe,40.0,120.0,100.0,54.862964,108.642765,96.596702
temp_40_120_100_step_plasma,temp_40_120_100_step_plasma.csv,topcell_benchmark_v0\data\raw\temp_40_120_100_step_plasma.csv,dynamic,step_plasma,nominal_or_recipe,40.0,120.0,100.0,54.386102,101.954608,73.8471495
temp_40_120_150_const_cold,temp_40_120_150_const_cold.csv,topcell_benchmark_v0\data\raw\temp_40_120_150_const_cold.csv,constant,constant,cold,40.0,120.0,150.0,45.0,133.27,115.785554
temp_40_120_150_const_gradient,temp_40_120_150_const_gradient.csv,topcell_benchmark_v0\data\raw\temp_40_120_150_const_gradient.csv,constant,constant,gradient,40.0,120.0,150.0,54.0,134.440999,116.83405725
temp_40_120_150_const_nominal,temp_40_120_150_const_nominal.csv,topcell_benchmark_v0\data\raw\temp_40_120_150_const_nominal.csv,constant,constant,nominal,40.0,120.0,150.0,55.0,134.167414,116.58906975
temp_40_120_50_const_cold,temp_40_120_50_const_cold.csv,topcell_benchmark_v0\data\raw\temp_40_120_50_const_cold.csv,constant,constant,cold,40.0,120.0,50.0,45.0,85.289242,78.54844675
temp_40_120_50_const_gradient,temp_40_120_50_const_gradient.csv,topcell_benchmark_v0\data\raw\temp_40_120_50_const_gradient.csv,constant,constant,gradient,40.0,120.0,50.0,54.0,86.460241,79.59695024999999
temp_40_120_50_const_nominal,temp_40_120_50_const_nominal.csv,topcell_benchmark_v0\data\raw\temp_40_120_50_const_nominal.csv,constant,constant,nominal,40.0,120.0,50.0,54.976774,86.186656,79.35196225
temp_40_160_0_const_cold,temp_40_160_0_const_cold.csv,topcell_benchmark_v0\data\raw\temp_40_160_0_const_cold.csv,constant,constant,cold,40.0,160.0,0.0,45.0,79.338448,76.37418975
temp_40_160_0_const_gradient,temp_40_160_0_const_gradient.csv,topcell_benchmark_v0\data\raw\temp_40_160_0_const_gradient.csv,constant,constant,gradient,40.0,160.0,0.0,54.0,80.416643,77.42269300000001
temp_40_160_0_const_nominal,temp_40_160_0_const_nominal.csv,topcell_benchmark_v0\data\raw\temp_40_160_0_const_nominal.csv,constant,constant,nominal,40.0,160.0,0.0,55.0,80.16472,77.17770525
temp_40_160_100_const_cold,temp_40_160_100_const_cold.csv,topcell_benchmark_v0\data\raw\temp_40_160_100_const_cold.csv,constant,constant,cold,40.0,160.0,100.0,45.0,126.544048,113.611297
temp_40_160_100_const_gradient,temp_40_160_100_const_gradient.csv,topcell_benchmark_v0\data\raw\temp_40_160_100_const_gradient.csv,constant,constant,gradient,40.0,160.0,100.0,54.0,127.715047,114.65980024999999
temp_40_160_100_const_nominal,temp_40_160_100_const_nominal.csv,topcell_benchmark_v0\data\raw\temp_40_160_100_const_nominal.csv,constant,constant,nominal,40.0,160.0,100.0,55.0,127.441462,114.41481225000001
temp_40_160_150_const_cold,temp_40_160_150_const_cold.csv,topcell_benchmark_v0\data\raw\temp_40_160_150_const_cold.csv,constant,constant,cold,40.0,160.0,150.0,45.0,150.534428,132.229851
temp_40_160_150_const_gradient,temp_40_160_150_const_gradient.csv,topcell_benchmark_v0\data\raw\temp_40_160_150_const_gradient.csv,constant,constant,gradient,40.0,160.0,150.0,54.0,151.705427,133.278354
temp_40_160_150_const_nominal,temp_40_160_150_const_nominal.csv,topcell_benchmark_v0\data\raw\temp_40_160_150_const_nominal.csv,constant,constant,nominal,40.0,160.0,150.0,55.0,151.431842,133.0333665
temp_40_160_50_const_cold,temp_40_160_50_const_cold.csv,topcell_benchmark_v0\data\raw\temp_40_160_50_const_cold.csv,constant,constant,cold,40.0,160.0,50.0,45.0,102.553669,94.99274325
temp_40_160_50_const_gradient,temp_40_160_50_const_gradient.csv,topcell_benchmark_v0\data\raw\temp_40_160_50_const_gradient.csv,constant,constant,gradient,40.0,160.0,50.0,54.0,103.724668,96.0412465
temp_40_160_50_const_nominal,temp_40_160_50_const_nominal.csv,topcell_benchmark_v0\data\raw\temp_40_160_50_const_nominal.csv,constant,constant,nominal,40.0,160.0,50.0,55.0,103.451083,95.79625874999999
temp_40_200_0_const_cold,temp_40_200_0_const_cold.csv,topcell_benchmark_v0\data\raw\temp_40_200_0_const_cold.csv,constant,constant,cold,40.0,200.0,0.0,45.0,97.067365,92.81848624999999
temp_40_200_0_const_gradient,temp_40_200_0_const_gradient.csv,topcell_benchmark_v0\data\raw\temp_40_200_0_const_gradient.csv,constant,constant,gradient,40.0,200.0,0.0,54.0,98.145559,93.86698924999999
temp_40_200_0_const_nominal,temp_40_200_0_const_nominal.csv,topcell_benchmark_v0\data\raw\temp_40_200_0_const_nominal.csv,constant,constant,nominal,40.0,200.0,0.0,55.0,97.893636,93.62200175000001
temp_40_200_100_const_cold,temp_40_200_100_const_cold.csv,topcell_benchmark_v0\data\raw\temp_40_200_100_const_cold.csv,constant,constant,cold,40.0,200.0,100.0,45.0,143.808476,130.05559375
temp_40_200_100_const_gradient,temp_40_200_100_const_gradient.csv,topcell_benchmark_v0\data\raw\temp_40_200_100_const_gradient.csv,constant,constant,gradient,40.0,200.0,100.0,54.0,144.979475,131.10409725
temp_40_200_100_const_nominal,temp_40_200_100_const_nominal.csv,topcell_benchmark_v0\data\raw\temp_40_200_100_const_nominal.csv,constant,constant,nominal,40.0,200.0,100.0,55.0,144.70589,130.85910900000002
temp_40_200_150_const_cold,temp_40_200_150_const_cold.csv,topcell_benchmark_v0\data\raw\temp_40_200_150_const_cold.csv,constant,constant,cold,40.0,200.0,150.0,45.0,167.798855,148.6741475
temp_40_200_150_const_gradient,temp_40_200_150_const_gradient.csv,topcell_benchmark_v0\data\raw\temp_40_200_150_const_gradient.csv,constant,constant,gradient,40.0,200.0,150.0,54.0,168.969854,149.72265075
temp_40_200_150_const_nominal,temp_40_200_150_const_nominal.csv,topcell_benchmark_v0\data\raw\temp_40_200_150_const_nominal.csv,constant,constant,nominal,40.0,200.0,150.0,55.0,168.696269,149.47766275
temp_40_200_50_const_cold,temp_40_200_50_const_cold.csv,topcell_benchmark_v0\data\raw\temp_40_200_50_const_cold.csv,constant,constant,cold,40.0,200.0,50.0,45.0,119.818096,111.43704
temp_40_200_50_const_gradient,temp_40_200_50_const_gradient.csv,topcell_benchmark_v0\data\raw\temp_40_200_50_const_gradient.csv,constant,constant,gradient,40.0,200.0,50.0,54.0,120.989095,112.48554325
temp_40_200_50_const_nominal,temp_40_200_50_const_nominal.csv,topcell_benchmark_v0\data\raw\temp_40_200_50_const_nominal.csv,constant,constant,nominal,40.0,200.0,50.0,55.0,120.71551,112.24055525
temp_40_80_0_const_cold,temp_40_80_0_const_cold.csv,topcell_benchmark_v0\data\raw\temp_40_80_0_const_cold.csv,constant,constant,cold,40.0,80.0,0.0,42.705752,45.157284,43.48559625
temp_40_80_0_const_gradient,temp_40_80_0_const_gradient.csv,topcell_benchmark_v0\data\raw\temp_40_80_0_const_gradient.csv,constant,constant,gradient,40.0,80.0,0.0,43.645445,62.0,44.534099499999996
temp_40_80_0_const_nominal,temp_40_80_0_const_nominal.csv,topcell_benchmark_v0\data\raw\temp_40_80_0_const_nominal.csv,constant,constant,nominal,40.0,80.0,0.0,43.425865,55.0,44.289112
temp_40_80_100_const_cold,temp_40_80_100_const_cold.csv,topcell_benchmark_v0\data\raw\temp_40_80_100_const_cold.csv,constant,constant,cold,40.0,80.0,100.0,45.0,92.015194,80.72270375
temp_40_80_100_const_gradient,temp_40_80_100_const_gradient.csv,topcell_benchmark_v0\data\raw\temp_40_80_100_const_gradient.csv,constant,constant,gradient,40.0,80.0,100.0,54.0,93.186193,81.77120725
temp_40_80_100_const_nominal,temp_40_80_100_const_nominal.csv,topcell_benchmark_v0\data\raw\temp_40_80_100_const_nominal.csv,constant,constant,nominal,40.0,80.0,100.0,54.862964,92.912608,81.5262195
temp_40_80_150_const_cold,temp_40_80_150_const_cold.csv,topcell_benchmark_v0\data\raw\temp_40_80_150_const_cold.csv,constant,constant,cold,40.0,80.0,150.0,45.0,116.005573,99.3412575
temp_40_80_150_const_gradient,temp_40_80_150_const_gradient.csv,topcell_benchmark_v0\data\raw\temp_40_80_150_const_gradient.csv,constant,constant,gradient,40.0,80.0,150.0,54.0,117.176572,100.38976075
temp_40_80_150_const_nominal,temp_40_80_150_const_nominal.csv,topcell_benchmark_v0\data\raw\temp_40_80_150_const_nominal.csv,constant,constant,nominal,40.0,80.0,150.0,55.0,116.902987,100.14477299999999
temp_40_80_50_const_cold,temp_40_80_50_const_cold.csv,topcell_benchmark_v0\data\raw\temp_40_80_50_const_cold.csv,constant,constant,cold,40.0,80.0,50.0,45.0,68.024814,62.10415
temp_40_80_50_const_gradient,temp_40_80_50_const_gradient.csv,topcell_benchmark_v0\data\raw\temp_40_80_50_const_gradient.csv,constant,constant,gradient,40.0,80.0,50.0,54.0,69.195813,63.15265325
temp_40_80_50_const_nominal,temp_40_80_50_const_nominal.csv,topcell_benchmark_v0\data\raw\temp_40_80_50_const_nominal.csv,constant,constant,nominal,40.0,80.0,50.0,53.796655,68.922228,62.9076655
