model,test_rollout_mae,test_rollout_rmse,test_rollout_max_abs_error,test_rollout_endpoint_mae,rmse_remaining_pct_vs_no_learning,rmse_reduction_factor_vs_no_learning
no_learning_initial_hold,38.889935508376404,42.578339933645616,67.5634648064516,56.18188650000001,99.99999999999999,1.0
lstm,0.2705771507330768,0.3345857567464237,1.0313713978972276,0.2510030183985888,0.7858121224731741,127.25688130805563
gru,0.3917033478150596,0.4879807604415174,1.0835412508871018,0.3967591914563481,1.1460774685015669,87.25413660801175
cnn1d,0.4535532027047787,0.5687054553535917,1.1861961731101929,0.4484600312663375,1.3356684554631917,74.86887901782585
thermal_state_space,0.4942350744399115,0.6527324500812027,1.774865830204699,0.2812219389127415,1.5330152633907888,65.23092260596005
mlp,0.6248198619911255,0.7627485457650656,1.6708681381174442,0.6985843326368066,1.791400385627383,55.822249901424506
tcn,0.7144348878837157,0.8768527402798221,1.833824281832066,0.8307688012991555,2.0593868658250076,48.55814206620142
linear_rc,0.948771821405874,1.242763885312179,2.967721920932284,0.822599929322232,2.918770171051551,34.261005197258406
graph_rc,1.7701486238425364,2.1714900710435234,3.999411006400799,1.812330571574792,5.09998763321348,19.6078906836467
