case_id,sensor,quantity,quantity_unit,n_points,quantity_min,quantity_max,residual_slope_k_per_unit,residual_correlation
HV01_composite_conjugate,chip,time,s,11,20,220,-0.0006777567536,-0.7994380978
HV01_composite_conjugate,chip,truth_temperature,degC,11,25.00001509,45.01330438,-0.006684478976,-0.8809886285
HV01_composite_conjugate,chip,chip_power,W,11,0,12,-0.004586257229,-0.4079161786
HV01_composite_conjugate,chip,coolant_temperature,degC,11,25,35,-0.01224584363,-0.9076532866
HV01_composite_conjugate,chip,inlet_air_velocity,m/s,11,0.05,0.1,2.096433897,0.8905789971
HV01_composite_conjugate,chip,pressure_drop,Pa,11,0.005380035293,0.01088032547,22.81333501,0.9728080386
HV01_composite_conjugate,chip,radiative_heat_rate,W,11,0,0,,
HV01_composite_conjugate,sink_base,time,s,11,20,220,-0.0005010655517,-0.6864685908
HV01_composite_conjugate,sink_base,truth_temperature,degC,11,25.00001509,44.72145136,-0.005262201721,-0.7932794326
HV01_composite_conjugate,sink_base,chip_power,W,11,0,12,-0.002396527517,-0.2475768762
HV01_composite_conjugate,sink_base,coolant_temperature,degC,11,25,35,-0.01024062689,-0.88160279
HV01_composite_conjugate,sink_base,inlet_air_velocity,m/s,11,0.05,0.1,1.609837462,0.7943070967
HV01_composite_conjugate,sink_base,pressure_drop,Pa,11,0.005380035293,0.01088032547,18.76576913,0.9294368332
HV01_composite_conjugate,sink_base,radiative_heat_rate,W,11,0,0,,
HV01_composite_conjugate,fins,time,s,11,20,220,-0.0002124149197,-0.4883799382
HV01_composite_conjugate,fins,truth_temperature,degC,11,25.0000151,43.94184011,-0.00251999284,-0.6109511558
HV01_composite_conjugate,fins,chip_power,W,11,0,12,-0.0003442472944,-0.05968220603
HV01_composite_conjugate,fins,coolant_temperature,degC,11,25,35,-0.005652398279,-0.8166309609
HV01_composite_conjugate,fins,inlet_air_velocity,m/s,11,0.05,0.1,0.6281766681,0.5201575277
HV01_composite_conjugate,fins,pressure_drop,Pa,11,0.005380035293,0.01088032547,9.286256449,0.7718641254
HV01_composite_conjugate,fins,radiative_heat_rate,W,11,0,0,,
HV02_composite_radiation,chip,time,s,11,20,220,0.001275295531,0.9192823731
HV02_composite_radiation,chip,truth_temperature,degC,11,24.99815948,44.63197071,0.01213853462,0.9595196764
HV02_composite_radiation,chip,chip_power,W,11,0,12,0.01121283888,0.6094740382
HV02_composite_radiation,chip,coolant_temperature,degC,11,25,35,0.02124783226,0.9624385546
HV02_composite_radiation,chip,inlet_air_velocity,m/s,11,0.05,0.1,-3.296110528,-0.8556972766
HV02_composite_radiation,chip,pressure_drop,Pa,11,0.005415711909,0.01088284958,-35.14848217,-0.9096817975
HV02_composite_radiation,chip,radiative_heat_rate,W,11,-0.3957449502,-0.0002224717434,-0.4359127601,-0.7771262558
HV02_composite_radiation,sink_base,time,s,11,20,220,0.001464099827,0.9465295997
HV02_composite_radiation,sink_base,truth_temperature,degC,11,24.99815953,44.33824959,0.01403668077,0.9795526007
HV02_composite_radiation,sink_base,chip_power,W,11,0,12,0.01360771897,0.6633616732
HV02_composite_radiation,sink_base,coolant_temperature,degC,11,25,35,0.02335840512,0.9489142856
HV02_composite_radiation,sink_base,inlet_air_velocity,m/s,11,0.05,0.1,-3.809617538,-0.8870031788
HV02_composite_radiation,sink_base,pressure_drop,Pa,11,0.005415711909,0.01088284958,-39.43728029,-0.9154092609
HV02_composite_radiation,sink_base,radiative_heat_rate,W,11,-0.3957449502,-0.0002224717434,-0.5161186839,-0.8252147783
HV02_composite_radiation,fins,time,s,11,20,220,0.001813873212,0.957653956
HV02_composite_radiation,fins,truth_temperature,degC,11,24.99816765,43.54908334,0.01829343037,0.9976429271
HV02_composite_radiation,fins,chip_power,W,11,0,12,0.01682198744,0.6697003386
HV02_composite_radiation,fins,coolant_temperature,degC,11,25,35,0.02840321317,0.9423005427
HV02_composite_radiation,fins,inlet_air_velocity,m/s,11,0.05,0.1,-4.910801738,-0.9337580723
HV02_composite_radiation,fins,pressure_drop,Pa,11,0.005415711909,0.01088284958,-49.90181416,-0.9459383846
HV02_composite_radiation,fins,radiative_heat_rate,W,11,-0.3957449502,-0.0002224717434,-0.6710075666,-0.8761591542
