time,chip_power,coolant_temperature,inlet_air_velocity,truth_pressure_drop,truth_radiative_heat_rate,truth_chip,predicted_chip,error_chip,prior_chip,persistence_chip,truth_sink_base,predicted_sink_base,error_sink_base,prior_sink_base,persistence_sink_base,truth_fins,predicted_fins,error_fins,prior_fins,persistence_fins
0,0,25,0.1,0.01391199063,0,25.00000941,25.00000941,0,25.00000941,25.00000941,25.00000941,25.00000941,0,25.00000941,25.00000941,25.0000094,25.0000094,0,25.0000094,25.0000094
10,0,25,0.1,0.01390321683,0,25.00000941,25.00000924,-1.72475719e-07,25.00000898,25.00000941,25.00000941,25.00000923,-1.777254219e-07,25.00000897,25.00000941,25.0000094,25.00000918,-2.246045945e-07,25.00000886,25.0000094
20,0,25,0.1,0.01390149893,0,25.00000941,25.00000904,-3.723318365e-07,25.00000851,25.00000941,25.00000941,25.00000903,-3.774997239e-07,25.0000085,25.00000941,25.0000094,25.00000898,-4.235474549e-07,25.00000839,25.0000094
30,0,25,0.1,0.0138996731,0,25.00000941,25.00000884,-5.681121671e-07,25.00000806,25.00000941,25.00000941,25.00000884,-5.731683679e-07,25.00000805,25.00000941,25.00000941,25.00000878,-6.280053135e-07,25.00000795,25.0000094
40,9,25,0.1,0.01389921342,0,25.00000941,25.00000865,-7.596534495e-07,25.00000764,25.00000941,25.00000941,25.00000865,-7.646001237e-07,25.00000762,25.00000941,25.00000941,25.00000859,-8.182491698e-07,25.00000753,25.0000094
50,9,25,0.1,0.01445298012,0,26.40377289,26.57732875,0.1735558586,26.50981409,25.00000941,26.22008791,26.38114216,0.1610542487,26.31288958,25.00000941,25.76893274,25.85094508,0.08201233988,25.87834457,25.0000094
60,9,25,0.1,0.01462091238,0,27.53755075,27.66564335,0.1280926033,27.55354736,25.00000941,27.34579315,27.4684521,0.1226589524,27.35502178,25.00000941,26.8150379,26.92670106,0.1116631608,26.90635398,25.0000094
70,9,25,0.1,0.01475198796,0,28.60353542,28.72739514,0.1238597185,28.54148519,25.00000941,28.41012727,28.52959351,0.1194662391,28.3415639,25.00000941,27.86549153,27.98121706,0.1157255337,27.88071282,25.0000094
80,9,25,0.1,0.01484661843,0,29.6374765,29.7661211,0.1286446012,29.47734979,25.00000941,29.4430613,29.56772545,0.1246641534,29.27610668,25.00000941,28.88886326,29.01290653,0.1240432741,28.80371767,25.0000094
90,9,25,0.1,0.01492742949,0,30.65256124,30.78234499,0.1297837529,30.36388787,25.00000941,30.45722145,30.58336822,0.1261467715,30.16139262,25.00000941,29.89380209,30.02224672,0.1284446331,29.67807381,25.0000094
100,9,25,0.1,0.01499428791,0,31.64629127,31.77655448,0.1302632149,31.2036993,25.00000941,31.45007857,31.57700918,0.1269306088,31.00001789,25.00000941,30.87767488,31.00972164,0.1320467565,30.50634537,25.0000094
110,9,25,0.1,0.01504921242,0,32.62133887,32.74922648,0.1278876055,31.99924689,25.00000941,32.42428493,32.54912495,0.124840021,31.79444184,25.00000941,31.84307296,31.97580494,0.1327319794,31.29096132,25.0000094
120,9,25,0.1,0.01510316185,0,33.57695731,33.70082753,0.1238702205,32.75286364,25.00000941,33.37907769,33.50018184,0.1211041467,32.54699418,25.00000941,32.78922425,32.92096004,0.1317357869,32.03422261,25.0000094
130,9,25,0.1,0.01515794761,0,34.50823044,34.63181411,0.1235836681,33.4667596,25.00000941,34.30953873,34.43063603,0.1210973035,33.25988183,25.00000941,33.71126527,33.8456403,0.1343750255,32.73830891,25.0000094
140,9,25,0.1,0.01520669558,0,35.41854167,35.54263278,0.1240911086,34.14302833,25.00000941,35.21905479,35.34093386,0.1218790661,33.93519539,25.00000941,34.61255598,34.75028926,0.1377332805,33.40528501,25.0000094
150,9,25,0.1,0.01525130825,0,36.30893178,36.43372044,0.1247886583,34.78365305,25.00000941,36.10866768,36.23151195,0.1228442709,34.57491529,25.00000941,35.49412647,35.63534087,0.1412143985,34.03710689,25.0000094
160,9,25,0.1,0.01529418738,0,37.17995515,37.30550452,0.1255493687,35.39051243,25.00000941,36.97893137,37.10279751,0.1238661351,35.18091754,25.00000941,36.35652488,36.50121966,0.144694776,34.6356274,25.0000094
170,9,25,0.1,0.01533574218,0,38.03206054,38.15840319,0.1263426522,35.96538615,25.00000941,37.8302939,37.95520845,0.1249145521,35.7549793,25.00000941,37.20019502,37.34834096,0.1481459425,35.20260176,25.0000094
180,9,25,0.1,0.01537566771,0,38.8656677,38.99282557,0.1271578723,36.50996006,25.00000941,38.66317436,38.78915367,0.1259793111,36.29878405,25.00000941,38.02555185,38.17711113,0.1515592804,35.73969268,25.0000094
190,9,25,0.1,0.01541395329,0,39.68118262,39.80917191,0.1279892898,37.02583118,25.00000941,39.47797824,39.60503318,0.1270549443,36.81392655,25.00000941,38.83299716,38.9879277,0.1549305392,36.2484752,25.0000094
200,9,25,0.1,0.01545083216,0,40.47900149,40.60783378,0.128832295,37.51451234,25.00000941,40.27510135,40.40323835,0.1281369979,37.3019175,25.00000941,39.62292347,39.7811796,0.1582561268,36.73044138,25.0000094
210,9,25,0.1,0.01548534542,0,41.26165726,41.3891943,0.1275370352,37.97743664,25.00000941,41.05707451,41.18415204,0.1270775304,37.76418796,25.00000941,40.39783808,40.55724733,0.1594092454,37.18700463,25.0000094
220,9,25,0.1,0.0155196047,0,42.02873291,42.15362824,0.124895329,38.41596165,25.00000941,41.82348108,41.94814885,0.1246677657,38.20209359,25.00000941,41.15732795,41.31650314,0.1591751948,37.61950385,25.0000094
230,9,25,0.1,0.0155539503,0,42.77962841,42.9015023,0.1218738856,38.83137337,25.00000941,42.57372155,42.69559523,0.1218736836,38.61691858,25.00000941,41.90079943,42.05931125,0.1585118204,38.02920739,25.0000094
240,9,25,0.1,0.01558708787,0,43.51421784,43.6331752,0.1189573607,39.22489003,25.00000941,43.30767005,43.42684973,0.1191796846,39.00987944,25.00000941,42.62812735,42.78602795,0.1579005979,38.41731672,25.0000094
250,9,25,0.1,0.01561854648,0,44.23272689,44.34899792,0.1162710291,39.59766565,25.00000941,44.02555202,44.14226311,0.1167110926,39.38212855,25.00000941,43.33953455,43.49700182,0.1574672747,38.78497003,25.0000094
260,9,25,0.1,0.01564898596,0,44.93551805,45.04931381,0.1137957623,39.95079343,25.00000941,44.72772971,44.84217853,0.1144488231,39.73475757,25.00000941,44.03538007,44.19257392,0.1571938466,39.13324548,25.0000094
270,9,25,0.1,0.01567891944,0,45.62297041,45.7344588,0.1114883938,40.28530895,25.00000941,45.41458205,45.52693173,0.1123496772,40.06880062,25.00000941,44.71603904,44.87307787,0.1570388313,39.46316441,25.0000094
280,9,25,0.1,0.01570828289,0,46.29544068,46.40476154,0.1093208599,40.6021932,25.00000941,46.08646547,46.19685115,0.1103856834,40.3852373,25.00000941,45.3818642,45.53884011,0.1569759093,39.77569434,25.0000094
290,9,25,0.1,0.0157368913,0,46.95326275,47.06054355,0.1072807976,40.90237547,25.00000941,46.74371337,46.85225815,0.1085447848,40.68499559,25.00000941,46.0331871,46.19017998,0.1569928793,40.0717518,25.0000094
300,9,25,0.1,0.01576471242,0,47.5967579,47.70211939,0.1053614884,41.18673606,25.00000941,47.38664667,47.49346711,0.1068204432,40.96895455,25.00000941,46.67032659,46.82740991,0.1570833222,40.35220499,25.0000094
310,9,10,0.1,0.0157917985,0,48.22624006,48.32979681,0.1035567499,41.4561089,25.00000941,48.01557919,48.1207856,0.1052064098,41.23794692,25.00000941,47.29359146,47.45083557,0.1572441109,40.61787637,25.0000094
320,9,10,0.1,0.01636560601,0,48.60869448,48.6777696,0.06907512107,41.03820015,25.00000941,48.384531,48.46004433,0.07551332567,40.79949282,25.00000941,47.52508693,47.69569362,0.170606691,40.00014456,25.0000094
330,9,10,0.1,0.01637642957,0,48.87507776,48.95985658,0.08477882433,40.52511034,25.00000941,48.64998868,48.74190792,0.09191923589,40.28707735,25.00000941,47.77980633,47.97502757,0.1952212352,39.4935568,25.0000094
340,9,10,0.1,0.01639306579,0,49.13027515,49.23534773,0.1050725777,40.038753,25.00000941,48.9049015,49.017241,0.1123394978,39.80140681,25.00000941,48.03191155,48.24864549,0.216733942,39.01388103,25.0000094
350,9,10,0.1,0.01640390336,0,49.37873307,49.50486684,0.1261337676,39.5780292,25.00000941,49.15313367,49.28660598,0.1334723099,39.34133374,25.00000941,48.27789051,48.51633887,0.238448363,38.55948804,25.0000094
360,9,10,0.1,0.01641310733,0,49.6218082,49.76854734,0.1467391366,39.14158871,25.00000941,49.39599365,49.55013569,0.1541420443,38.90550968,25.00000941,48.51855955,48.77823325,0.2596737019,38.1290447,25.0000094
370,9,10,0.1,0.01642173034,0,49.85955137,50.02651574,0.1669643702,38.72815164,25.00000941,49.6335263,49.80795658,0.1744302797,38.49265656,25.00000941,48.75392681,49.03445423,0.2805274186,37.72128868,25.0000094
380,9,10,0.1,0.01643045798,0,50.09205602,50.27889579,0.1868397696,38.33650556,25.00000941,49.865824,50.06019231,0.1943683067,38.10156363,25.00000941,48.98409097,49.28512471,0.3010337355,37.33502421,25.0000094
390,9,10,0.1,0.01643953006,0,50.31942522,50.52580854,0.206383325,37.96550191,25.00000941,50.09299014,50.30696387,0.213973726,37.731084,25.00000941,49.20916565,49.53036492,0.3211992726,36.96911853,25.0000094
400,9,10,0.1,0.0164488886,0,50.54176747,50.76737244,0.2256049739,37.61405271,25.00000941,50.31513358,50.54838963,0.2332560476,37.38013119,25.00000941,49.4292639,49.77029252,0.3410286155,36.62249861,25.0000094
410,9,10,0.1,0.01645835628,0,50.75919301,51.00370336,0.2445103484,37.28112731,25.00000941,50.53236468,50.7845854,0.2522207172,37.047676,25.00000941,49.64449588,50.00502257,0.3605266911,36.29414794,25.0000094
420,9,10,0.1,0.01646772989,0,50.97181081,51.23491465,0.2631038404,36.96574936,25.00000941,50.74479234,51.01566447,0.2708721319,36.7327435,25.00000941,49.85496902,50.23466768,0.3796986635,35.98310361,25.0000094
430,9,10,0.1,0.0164768332,0,51.1797274,51.46111723,0.2813898258,36.666994,25.00000941,50.95252301,51.24173769,0.2892146843,36.43441011,25.00000941,50.06078846,50.45933801,0.3985495473,35.68845345,25.0000094
440,9,10,0.1,0.0164855676,0,51.38304691,51.68241959,0.2993726782,36.38398511,25.00000941,51.15566069,51.46291351,0.3072528158,36.15180094,25.00000941,50.26205717,50.67914131,0.4170841413,35.40933339,25.0000094
450,9,10,0.1,0.01649393133,0,51.58187113,51.89892789,0.3170567606,36.11589273,25.00000941,51.35430711,51.679298,0.3249908889,35.88408721,25.00000941,50.45887595,50.89418303,0.4353070793,35.14492488,25.0000094
460,9,10,0.1,0.01650199265,0,51.7762997,52.11074599,0.3344462865,35.86193067,25.00000941,51.54856183,51.89099497,0.3424331375,35.63048385,25.00000941,50.6513435,51.10456631,0.4532228113,34.89445251,25.0000094
470,9,10,0.1,0.01650984619,0,51.96643008,52.31797548,0.3515453995,35.62135415,25.00000941,51.73852221,52.09810596,0.3595837472,35.39024712,25.00000941,50.83955632,51.31039207,0.4708357527,34.65718176,25.0000094
480,9,10,0.1,0.01651757136,0,52.15235747,52.52071577,0.3683583023,35.39345767,25.00000941,51.92428338,52.30073031,0.3764469338,35.16267253,25.00000941,51.0236086,51.51175904,0.4881504429,34.43241682,25.0000094
490,9,10,0.1,0.01652520061,0,52.33417486,52.71906411,0.3848892542,35.17757291,25.00000941,52.10593822,52.49896523,0.3930270109,34.94709268,25.00000941,51.20359235,51.70876381,0.5051714623,34.21949853,25.0000094
500,9,10,0.1,0.01653272459,0,52.51197309,52.91311565,0.4011425576,34.97306676,25.00000941,52.28357749,52.6929058,0.4093283068,34.74287538,25.00000941,51.37959744,51.90150088,0.521903439,34.0178025,25.0000094
510,9,10,0.1,0.01654010999,0,52.68584098,53.10296345,0.4171224742,34.77933949,25.00000941,52.45728993,52.88264504,0.4253551097,34.54942173,25.00000941,51.55171176,52.09006269,0.5383509341,33.82673725,25.0000094
520,9,10,0.1,0.01654712836,0,52.85634108,53.2886986,0.432357519,34.59582298,25.00000941,52.62763755,53.06827397,0.4406364226,34.36616442,25.00000941,51.72049186,52.27453971,0.5540478458,33.64574244,25.0000094
530,9,10,0.1,0.01655410254,0,53.02338138,53.47041017,0.4470287944,34.42197906,25.00000941,52.79452845,53.24988164,0.455353187,34.19256603,25.00000941,51.88584692,52.4550204,0.5691734828,33.47428731,25.0000094
540,9,10,0.1,0.01656107146,0,53.18682975,53.64818534,0.4613555927,34.2572979,25.00000941,52.95783068,53.42755515,0.4697244653,34.02811748,25.00000941,52.04764669,52.63159136,0.5839446673,33.31186904,25.0000094
550,9,10,0.1,0.01656780749,0,53.34665953,53.82210938,0.475449848,34.10129658,25.00000941,53.11751756,53.60137972,0.4838621628,33.87233649,25.00000941,52.20586474,52.80433727,0.5984725256,33.15801134,25.0000094
560,9,10,0.1,0.01657425908,0,53.50292215,53.99226571,0.4893435573,33.9535176,25.00000941,53.27364046,53.77143875,0.4977982889,33.72476623,25.00000941,52.36055155,52.97334099,0.6127894395,33.01226299,25.0000094
570,9,10,0.1,0.01658061,0,53.65569931,54.15873595,0.50303664,33.81352759,25.00000941,53.42628102,53.9378138,0.5115327763,33.58497395,25.00000941,52.51178794,53.1386836,0.6268956558,32.87419659,25.0000094
580,9,10,0.1,0.01658698286,0,53.80507614,54.32159996,0.5165238178,33.68091601,25.00000941,53.5755243,54.10058467,0.525060371,33.45254967,25.00000941,52.65965829,53.30044439,0.6407861049,32.74340723,25.0000094
590,9,10,0.1,0.01659328925,0,53.95113265,54.48093585,0.5298032022,33.55529398,25.00000941,53.72145024,54.25982945,0.5383792098,33.32710507,25.00000941,52.80424177,53.45870098,0.6544592095,32.61951138,25.0000094
600,9,10,0.1,0.0165993747,0,54.09394389,54.63682006,0.5428761726,33.4362931,25.00000941,53.86413378,54.41562452,0.5514907384,33.20827226,25.00000941,52.94561265,53.61352926,0.667916611,32.50214569,25.0000094
610,9,10,0.1,0.01660518988,0,54.23358208,54.78932736,0.5557452825,33.32356438,25.00000941,54.00364708,54.56804461,0.5643975277,33.09570276,25.00000941,53.08384249,53.76500351,0.6811610167,32.39096598,25.0000094
620,9,10,0.1,0.01661080308,0,54.37011772,54.93853091,0.5684131859,33.21677724,25.00000941,54.14006062,54.71716283,0.5771022096,32.98906645,25.00000941,53.21900104,53.91319637,0.6941953347,32.2856462,25.0000094
630,9,10,0.1,0.01661631013,0,54.50361962,55.08450226,0.5808826417,33.11561852,25.00000941,54.27344316,54.86305071,0.5896075523,32.8880506,25.00000941,53.35115641,54.05817895,0.7070225395,32.1858775,25.0000094
640,9,10,0.1,0.0166217658,0,54.63415512,55.22731145,0.5931563287,33.01979155,25.00000941,54.40386196,55.00577823,0.6019162744,32.79235899,25.00000941,53.48037547,54.20002078,0.7196453053,32.0913673,25.0000094
650,9,10,0.1,0.01662717885,0,54.76179042,55.36702697,0.6052365487,32.92901533,25.00000941,54.53138316,55.14541386,0.6140306987,32.70171098,25.00000941,53.60672385,54.33878989,0.73206604,32.00183844,25.0000094
660,9,10,0.1,0.01663254806,0,54.8865903,55.50371584,0.6171255397,32.84302364,25.00000941,54.65607149,55.28202456,0.6259530747,32.61584075,25.00000941,53.73026536,54.47455286,0.7442874976,31.91702836,25.0000094
670,9,10,0.1,0.01663786365,0,55.00861758,55.63744363,0.6288260478,32.76156431,25.00000941,54.77798967,55.41567588,0.6376862111,32.53449646,25.00000941,53.85106184,54.6073748,0.7563129601,31.83668836,25.0000094
680,9,10,0.1,0.01664301888,0,55.1279333,55.76827448,0.6403411787,32.68439844,25.00000941,54.89719867,55.54643192,0.649233247,32.45743959,25.00000941,53.96917391,54.73731943,0.7681455187,31.76058283,25.0000094
690,9,10,0.1,0.01664781566,0,55.24459749,55.89627115,0.6516736586,32.61129974,25.00000941,55.01375849,55.67435539,0.6605969025,32.38444414,25.00000941,54.08466124,54.86444907,0.7797878345,31.68848859,25.0000094
700,9,10,0.1,0.01665223261,0,55.35866923,56.02149503,0.6628258043,32.54205385,25.00000941,55.1277282,55.79950767,0.6717794695,32.31529605,25.00000941,54.19758226,54.98882472,0.7912424583,31.6201942,25.0000094
710,9,10,0.1,0.01665659624,0,55.47020631,56.1440062,0.6737998924,32.4764577,25.00000941,55.23916557,55.92194878,0.68278321,32.24979254,25.00000941,54.30799427,55.11050602,0.8025117499,31.55549941,25.0000094
720,9,10,0.1,0.01666125294,0,55.57926552,56.26386342,0.6845978982,32.41431891,25.00000941,55.34812732,56.04173746,0.693610136,32.18774152,25.00000941,54.41595393,55.22955135,0.8135974167,31.49421447,25.0000094
730,9,10,0.1,0.01666611341,0,55.68590273,56.38112417,0.6952214444,32.35545526,25.00000941,55.45466928,56.15893116,0.704261877,32.12896101,25.00000941,54.52151656,55.3460178,0.8245012417,31.43615967,25.0000094
740,9,10,0.1,0.01667081166,0,55.79017198,56.49584472,0.7056727377,32.29969414,25.00000941,55.55884536,56.2735861,0.7147407379,32.07327864,25.00000941,54.6247347,55.45996125,0.8352265507,31.38116476,25.0000094
750,9,10,0.1,0.01667525013,0,55.89212462,56.60808008,0.7159554566,32.24687201,25.00000941,55.6607068,56.38575728,0.7250504755,32.02053112,25.00000941,54.72565851,55.57143635,0.8457778395,31.32906846,25.0000094
760,9,10,0.1,0.0166795556,0,55.9918106,56.71788409,0.7260734876,32.19683396,25.00000941,55.76030349,56.4954985,0.7351950055,31.97056375,25.00000941,54.82433794,55.68049657,0.8561586299,31.27971799,25.0000094
770,9,10,0.1,0.01668349059,0,56.0892802,56.82530942,0.7360292209,32.14943327,25.00000941,55.85768583,56.6028624,0.745176568,31.92323001,25.00000941,54.92082366,55.78719423,0.8663705652,31.23296863,25.0000094
780,9,10,0.1,0.01668656565,0,56.18458391,56.93040761,0.7458236955,32.10453092,25.00000941,55.95290435,56.70790048,0.7549961327,31.87839108,25.00000941,55.01516602,55.8915805,0.8764144754,31.18868329,25.0000094
790,9,10,0.1,0.01668936502,0,56.27777108,57.03322905,0.7554579743,32.06199524,25.00000941,56.04600831,56.81066313,0.7646548235,31.83591547,25.00000941,55.10741413,55.99370545,0.8862913221,31.14673209,25.0000094
800,9,10,0.1,0.01669353538,0,56.36888976,57.13382309,0.7649333283,32.02170147,25.00000941,56.13704568,56.91119964,0.7741539631,31.79567862,25.00000941,55.19761557,56.09361808,0.896002512,31.106992,25.0000094
810,9,10,0.1,0.01669943326,0,56.45798653,57.23223796,0.7742514296,31.98353147,25.00000941,56.22606292,57.00955824,0.7834953163,31.75756253,25.00000941,55.28581527,56.19136631,0.9055510404,31.06934649,25.0000094
820,9,10,0.1,0.0167043965,0,56.54510489,57.32852088,0.7834159853,31.94737329,25.00000941,56.31310338,57.10578609,0.7926827131,31.72145541,25.00000941,55.3720544,56.28699702,0.9149426247,31.03368516,25.0000094
830,9,10,0.1,0.01670653589,0,56.63028533,57.42271802,0.79243269,31.91312089,25.00000941,56.39820741,57.19992937,0.8017219615,31.68725139,25.00000941,55.45637303,56.3805561,0.9241830666,30.99990342,25.0000094
840,9,10,0.1,0.01670821347,0,56.71356905,57.51487458,0.8013055275,31.88067383,25.00000941,56.48141633,57.29203323,0.8106168997,31.65485016,25.00000941,55.53881424,56.4720884,0.9332741638,30.96790222,25.0000094
850,9,10,0.1,0.01671225921,0,56.7950005,57.60503475,0.810034253,31.84993695,25.00000941,56.56277489,57.38214185,0.8193669574,31.6241567,25.00000941,55.61942405,56.56163785,0.942213802,30.9375877,25.0000094
860,9,10,0.1,0.01671601351,0,56.87462478,57.69324179,0.8186170139,31.82082012,25.00000941,56.64232824,57.47029845,0.8279702075,31.59508099,25.00000941,55.69824723,56.6492474,0.9510001659,30.90887096,25.0000094
870,9,10,0.1,0.01671596093,0,56.95248421,57.77953801,0.8270538009,31.79323795,25.00000941,56.72011837,57.55654532,0.8364269464,31.56753777,25.00000941,55.77532487,56.73495906,0.9596341894,30.8816678,25.0000094
880,9,10,0.1,0.01671742834,0,57.02861829,57.8639648,0.8353465081,31.76710954,25.00000941,56.79618461,57.64092382,0.8447392144,31.54144627,25.00000941,55.85069435,56.81881396,0.9681196062,30.85589842,25.0000094
890,9,10,0.1,0.01672729667,0,57.10306952,57.94656265,0.8434931328,31.74235829,25.00000941,56.87056925,57.72347445,0.8529051959,31.51672998,25.00000941,55.92439244,56.90085231,0.9764598694,30.83148727,25.0000094
900,9,10,0.1,0.01673018189,0,57.17586371,58.0273712,0.8515074851,31.71891159,25.00000941,56.94329783,57.80423678,0.8609389481,31.4933164,25.00000941,55.9964473,56.98111347,0.9846661706,30.80836276,25.0000094
