case_id,case_group,radiation_enabled,n_forecast_timepoints,rmse_k,mae_k,bias_k,max_abs_error_k,prior_rmse_k,persistence_rmse_k,rmse_improvement_percent,rmse_improvement_vs_persistence_percent,chip_peak_error_k,max_hotspot_underprediction_k
NF01_fixed_flow_interpolation,interpolation,False,90,0.1950559792,0.1626567325,0.1626565418,0.3818010473,10.48842681,22.46095742,98.1402742,99.13157763,0.2781196534,0.01833307801
NF02_unseen_three_input_recipe,combined,False,90,0.1821573184,0.1589582785,0.1583157857,0.3330288559,11.22293123,22.2788508,98.37691852,99.18237561,0.2668685976,0.1957224615
NF03_power_extrapolation,extrapolation,False,90,0.1374982498,0.1098964075,0.1095843721,0.3193201898,23.00232691,51.76801739,99.402242,99.73439537,0.1128225739,0.1581499214
NF04_hot_low_flow_corner,extrapolation,False,90,0.04550134147,0.0395688461,-0.00672991979,0.07692573085,16.73600886,47.0866073,99.7281231,99.9033667,-0.06426222671,0.2318976501
NF05_cold_inlet_extrapolation,extrapolation,False,90,0.5027701696,0.4102840424,0.410283999,0.9846661706,16.33928064,24.35357223,96.92293571,97.93553831,0.8515074851,0.05530260893
NF06_air_velocity_interpolation,air_velocity,False,90,0.1471509646,0.1305545115,0.1296726215,0.2777614359,13.46535009,29.68086797,98.90718798,99.50422284,0.1410509713,0.1750786823
NF07_air_velocity_extrapolation,air_velocity,False,90,0.09796793679,0.06713512035,0.06555316366,0.2127459343,12.40833831,25.04361738,99.21046691,99.60881076,-0.02409943817,0.2225993342
NF08_short_power_pulses,dynamics,False,600,0.05350094922,0.02804050733,0.02152939898,0.3078829313,2.224091757,5.405744976,97.59448103,99.01029461,0.1219539744,0.2848726419
NF09_stationary_hot_start,initialization,False,90,0.3532338926,0.2823279116,0.2752639782,0.724299677,36.75043212,45.5311046,99.03883064,99.22419213,0.04234723994,0.3269649517
NR01_power_levels,radiation,True,90,2.411232696,1.794113572,1.794113572,5.4324545,7.552868509,22.48088529,68.07527241,89.2742983,5.280221021,0
NR02_power_ramp,radiation,True,90,2.564092533,1.978744408,1.978744408,4.769466337,7.797196989,21.08359006,67.11520132,87.83844438,3.533028616,0
NR03_combined_levels,radiation,True,90,2.179915663,1.832166877,1.832166877,3.68593285,8.359316635,21.26224971,73.92232214,89.74748349,2.765180554,0
NR04_hot_low_flow_corner,radiation,True,90,6.213644842,4.860466955,4.860466955,12.5767769,10.51331208,41.06675724,40.89736141,84.8694047,12.37943631,0
NR05_stationary_hot_start,radiation,True,90,9.412459054,9.003494822,9.003494822,10.9179012,19.85660712,35.40503782,52.59784818,73.41491598,5.34746406,0
