case_id,case_group,radiation_enabled,model,n_points,rmse_k,mae_k,bias_k,max_abs_error_k,terminal_rmse_k,worst_sensor,worst_sensor_rmse_k,max_abs_peak_temperature_error_k,max_abs_peak_temperature_error_sensor,max_abs_peak_time_error_s,max_abs_peak_time_error_sensor,peak_time_qualified_sensors
NF01_fixed_flow_interpolation,interpolation,False,fitted_rc,270,0.1950559792,0.1626567325,0.1626565418,0.3818010473,0.3184066961,fins,0.2316338841,0.3818010473,fins,,,0
NF01_fixed_flow_interpolation,interpolation,False,engineering_prior_rc,270,10.48842681,8.355737901,-8.35297592,19.0689138,19.00117713,sink_base,10.52836547,19.0689138,chip,,,0
NF01_fixed_flow_interpolation,interpolation,False,persistence,270,22.46095742,19.41890841,-19.41890841,36.80197484,36.36584243,chip,22.77753022,36.80197484,chip,,,0
NF02_unseen_three_input_recipe,combined,False,fitted_rc,270,0.1821573184,0.1589582785,0.1583157857,0.3330288559,0.2909307055,fins,0.2114826012,0.3317371117,fins,,,0
NF02_unseen_three_input_recipe,combined,False,engineering_prior_rc,270,11.22293123,8.657641775,-8.65168113,17.47675999,16.25222325,chip,11.26217273,11.5565029,fins,,,0
NF02_unseen_three_input_recipe,combined,False,persistence,270,22.2788508,19.49642098,-19.49642098,34.04008784,33.64955705,chip,22.59062864,34.04008784,chip,,,0
NF03_power_extrapolation,extrapolation,False,fitted_rc,270,0.1374982498,0.1098964075,0.1095843721,0.3193201898,0.2087645449,fins,0.2089261103,0.3193201898,fins,,,0
NF03_power_extrapolation,extrapolation,False,engineering_prior_rc,270,23.00232691,18.73385622,-18.73380732,39.52751084,39.38998019,sink_base,23.08635079,39.52751084,chip,,,0
NF03_power_extrapolation,extrapolation,False,persistence,270,51.76801739,45.73809958,-45.73809958,76.97480809,76.17437093,chip,52.41893493,76.97480809,chip,,,0
NF04_hot_low_flow_corner,extrapolation,False,fitted_rc,270,0.04550134147,0.0395688461,-0.00672991979,0.07692573085,0.06516424558,chip,0.04975948614,0.07418614081,fins,,,0
NF04_hot_low_flow_corner,extrapolation,False,engineering_prior_rc,270,16.73600886,13.12715379,-13.12709308,31.67905568,31.59963232,sink_base,16.78577016,31.67905568,sink_base,,,0
NF04_hot_low_flow_corner,extrapolation,False,persistence,270,47.0866073,40.89955493,-40.89955493,74.43759566,73.86800583,chip,47.54095079,74.43759566,chip,,,0
NF05_cold_inlet_extrapolation,extrapolation,False,fitted_rc,270,0.5027701696,0.4102840424,0.410283999,0.9846661706,0.9010823745,fins,0.5626984046,0.9846661706,fins,,,0
NF05_cold_inlet_extrapolation,extrapolation,False,engineering_prior_rc,270,16.33928064,13.53167204,-13.52841265,25.45695212,25.3653147,chip,16.39642923,15.71975481,chip,,,0
NF05_cold_inlet_extrapolation,extrapolation,False,persistence,270,24.35357223,22.45731413,-22.45731413,32.1758543,31.70929642,chip,24.75668162,32.1758543,chip,,,0
NF06_air_velocity_interpolation,air_velocity,False,fitted_rc,270,0.1471509646,0.1305545115,0.1296726215,0.2777614359,0.06844037376,fins,0.1883832769,0.2777614359,fins,0,chip,3
NF06_air_velocity_interpolation,air_velocity,False,engineering_prior_rc,270,13.46535009,11.12858404,-11.12532465,21.75148817,21.65076812,chip,13.52226678,15.52312799,chip,30,chip,3
NF06_air_velocity_interpolation,air_velocity,False,persistence,270,29.68086797,26.86754783,-26.86754783,38.61747919,37.99339522,chip,30.06994238,38.61747919,chip,590,chip,3
NF07_air_velocity_extrapolation,air_velocity,False,fitted_rc,270,0.09796793679,0.06713512035,0.06555316366,0.2127459343,0.1267799205,fins,0.1633182744,0.138039088,fins,0,chip,3
NF07_air_velocity_extrapolation,air_velocity,False,engineering_prior_rc,270,12.40833831,10.65632079,-10.65628423,16.26525033,16.12596188,chip,12.51237049,8.776433538,chip,30,chip,3
NF07_air_velocity_extrapolation,air_velocity,False,persistence,270,25.04361738,23.09987358,-23.09987358,29.57934739,28.72040072,chip,25.59764293,29.57934739,chip,330,chip,3
NF08_short_power_pulses,dynamics,False,fitted_rc,1800,0.05350094922,0.02804050733,0.02152939898,0.3078829313,0.02338164853,chip,0.06312968845,0.1219539744,chip,1,sink_base,3
NF08_short_power_pulses,dynamics,False,engineering_prior_rc,1800,2.224091757,1.808099639,-1.802312545,3.391631552,3.291141973,chip,2.230758753,2.230807533,sink_base,3,fins,3
NF08_short_power_pulses,dynamics,False,persistence,1800,5.405744976,4.807277364,-4.807277364,9.29523189,4.860837336,chip,5.47120583,9.29523189,chip,346,fins,3
NF09_stationary_hot_start,initialization,False,fitted_rc,270,0.3532338926,0.2823279116,0.2752639782,0.724299677,0.4094265555,fins,0.4433030053,0.2591442981,fins,0,chip,3
NF09_stationary_hot_start,initialization,False,engineering_prior_rc,270,36.75043212,35.21224036,-35.21224036,45.26898708,35.15193982,chip,36.85546243,2.053708516,fins,120,chip,3
NF09_stationary_hot_start,initialization,False,persistence,270,45.5311046,39.33685786,39.33681047,59.83280777,59.7196372,chip,45.68413001,0.0002823,fins,120,chip,3
NR01_power_levels,radiation,True,fitted_rc,270,2.411232696,1.794113572,1.794113572,5.4324545,5.33627931,fins,2.461749301,5.4324545,fins,,,0
NR01_power_levels,radiation,True,engineering_prior_rc,270,7.552868509,5.706859526,-5.702168932,15.63318549,15.54574633,chip,7.599231062,15.63318549,chip,,,0
NR01_power_levels,radiation,True,persistence,270,22.48088529,18.32706013,-18.32705922,41.62977382,41.05655451,chip,22.8480182,41.62977382,chip,,,0
NR02_power_ramp,radiation,True,fitted_rc,270,2.564092533,1.978744408,1.978744408,4.769466337,4.712435222,fins,2.612194036,3.703358205,fins,30,sink_base,3
NR02_power_ramp,radiation,True,engineering_prior_rc,270,7.797196989,5.859008108,-5.846930481,13.18190202,13.10317749,chip,7.837592426,10.21568273,sink_base,100,chip,3
NR02_power_ramp,radiation,True,persistence,270,21.08359006,17.53531466,-17.53531375,30.560959,25.84630161,chip,21.37287002,30.560959,chip,660,chip,3
NR03_combined_levels,radiation,True,fitted_rc,270,2.179915663,1.832166877,1.832166877,3.68593285,3.641871831,fins,2.229384518,2.880054294,fins,0,chip,3
NR03_combined_levels,radiation,True,engineering_prior_rc,270,8.359316635,6.951336628,-6.933025303,11.91013395,11.03947854,chip,8.414777204,11.54390279,chip,0,chip,3
NR03_combined_levels,radiation,True,persistence,270,21.26224971,18.40345326,-18.40345235,32.72200887,28.65721004,chip,21.59292207,32.72200887,chip,660,chip,3
NR04_hot_low_flow_corner,radiation,True,fitted_rc,270,6.213644842,4.860466955,4.860466955,12.5767769,12.45224563,fins,6.294228538,12.5767769,fins,,,0
NR04_hot_low_flow_corner,radiation,True,engineering_prior_rc,270,10.51331208,8.303047181,-8.252075142,19.22694503,19.12543594,chip,10.57667665,19.22694503,chip,,,0
NR04_hot_low_flow_corner,radiation,True,persistence,270,41.06675724,36.04545867,-36.04545768,62.01552436,61.42319468,chip,41.54318747,62.01552436,chip,,,0
NR05_stationary_hot_start,radiation,True,fitted_rc,270,9.412459054,9.003494822,9.003494822,10.9179012,10.41873568,fins,9.517382326,5.643225529,fins,0,chip,3
NR05_stationary_hot_start,radiation,True,engineering_prior_rc,270,19.85660712,18.94841052,-18.94841052,24.4159695,20.36078134,chip,19.94861047,1.057435685,sink_base,120,chip,3
NR05_stationary_hot_start,radiation,True,persistence,270,35.40503782,30.94459496,30.94390488,47.96936948,42.14225464,chip,35.58918821,0.0042574,fins,120,chip,3
