case_id,case_group,sensor,quantity,quantity_unit,n_points,quantity_min,quantity_max,residual_slope_k_per_unit,residual_correlation
NF01_fixed_flow_interpolation,interpolation,chip,time,s,90,10,900,0.000317434354,0.8818273734
NF01_fixed_flow_interpolation,interpolation,chip,truth_temperature,degC,90,25.00000941,61.80198425,0.006933364405,0.8444652505
NF01_fixed_flow_interpolation,interpolation,chip,chip_power,W,90,0,9,0.03026916058,0.7718684064
NF01_fixed_flow_interpolation,interpolation,chip,coolant_temperature,degC,90,22.5,25,-0.04415006199,-0.5563776078
NF01_fixed_flow_interpolation,interpolation,chip,inlet_air_velocity,m/s,90,0.1,0.1,0.1111111111,3.297708794e-17
NF01_fixed_flow_interpolation,interpolation,chip,pressure_drop,Pa,90,0.01389921343,0.0164482823,100.2014859,0.7863562772
NF01_fixed_flow_interpolation,interpolation,chip,radiative_heat_rate,W,90,0,0,,
NF01_fixed_flow_interpolation,interpolation,sink_base,time,s,90,10,900,0.0003278524581,0.8925664293
NF01_fixed_flow_interpolation,interpolation,sink_base,truth_temperature,degC,90,25.00000941,61.57714955,0.007201164925,0.8556658397
NF01_fixed_flow_interpolation,interpolation,sink_base,chip_power,W,90,0,9,0.0308375742,0.7706471019
NF01_fixed_flow_interpolation,interpolation,sink_base,coolant_temperature,degC,90,22.5,25,-0.0463017393,-0.5718315126
NF01_fixed_flow_interpolation,interpolation,sink_base,inlet_air_velocity,m/s,90,0.1,0.1,0.8222222222,2.391533543e-16
NF01_fixed_flow_interpolation,interpolation,sink_base,pressure_drop,Pa,90,0.01389921343,0.0164482823,103.5003388,0.7960116462
NF01_fixed_flow_interpolation,interpolation,sink_base,radiative_heat_rate,W,90,0,0,,
NF01_fixed_flow_interpolation,interpolation,fins,time,s,90,10,900,0.0004531113991,0.9532100065
NF01_fixed_flow_interpolation,interpolation,fins,truth_temperature,degC,90,25.0000094,60.70926525,0.01031250889,0.9283337777
NF01_fixed_flow_interpolation,interpolation,fins,chip_power,W,90,0,9,0.04013737577,0.7750787266
NF01_fixed_flow_interpolation,interpolation,fins,coolant_temperature,degC,90,22.5,25,-0.0712575114,-0.6800219497
NF01_fixed_flow_interpolation,interpolation,fins,inlet_air_velocity,m/s,90,0.1,0.1,0.4444444444,9.98909742e-17
NF01_fixed_flow_interpolation,interpolation,fins,pressure_drop,Pa,90,0.01389921343,0.0164482823,146.2223121,0.8689860361
NF01_fixed_flow_interpolation,interpolation,fins,radiative_heat_rate,W,90,0,0,,
NF02_unseen_three_input_recipe,combined,chip,time,s,90,10,900,0.0002027944651,0.6083173424
NF02_unseen_three_input_recipe,combined,chip,truth_temperature,degC,90,25.00000941,59.04009725,0.002266243165,0.2848815381
NF02_unseen_three_input_recipe,combined,chip,chip_power,W,90,0,11,0.008598939778,0.3629085167
NF02_unseen_three_input_recipe,combined,chip,coolant_temperature,degC,90,17,31,0.005792987133,0.3588506594
NF02_unseen_three_input_recipe,combined,chip,inlet_air_velocity,m/s,90,0.075,0.15,-2.059374397,-0.6985537466
NF02_unseen_three_input_recipe,combined,chip,pressure_drop,Pa,90,0.01077091563,0.02866393266,-8.243789061,-0.6548477645
NF02_unseen_three_input_recipe,combined,chip,radiative_heat_rate,W,90,0,0,,
NF02_unseen_three_input_recipe,combined,sink_base,time,s,90,10,900,0.000213881769,0.6568622761
NF02_unseen_three_input_recipe,combined,sink_base,truth_temperature,degC,90,25.00000941,58.82658058,0.002599754546,0.3330117429
NF02_unseen_three_input_recipe,combined,sink_base,chip_power,W,90,0,11,0.00833527083,0.3601624414
NF02_unseen_three_input_recipe,combined,sink_base,coolant_temperature,degC,90,17,31,0.005078853465,0.322109342
NF02_unseen_three_input_recipe,combined,sink_base,inlet_air_velocity,m/s,90,0.075,0.15,-1.997128366,-0.6935806217
NF02_unseen_three_input_recipe,combined,sink_base,pressure_drop,Pa,90,0.01077091563,0.02866393266,-7.850079057,-0.6384309935
NF02_unseen_three_input_recipe,combined,sink_base,radiative_heat_rate,W,90,0,0,,
NF02_unseen_three_input_recipe,combined,fins,time,s,90,10,900,0.0003230191417,0.9360395875
NF02_unseen_three_input_recipe,combined,fins,truth_temperature,degC,90,25.0000094,58.07437367,0.00639188488,0.7561378722
NF02_unseen_three_input_recipe,combined,fins,chip_power,W,90,0,11,0.008001685409,0.3262312673
NF02_unseen_three_input_recipe,combined,fins,coolant_temperature,degC,90,17,31,-0.001352725028,-0.08094920123
NF02_unseen_three_input_recipe,combined,fins,inlet_air_velocity,m/s,90,0.075,0.15,-1.182248572,-0.3874049565
NF02_unseen_three_input_recipe,combined,fins,pressure_drop,Pa,90,0.01077091563,0.02866393266,-3.235689202,-0.2482973793
NF02_unseen_three_input_recipe,combined,fins,radiative_heat_rate,W,90,0,0,,
NF03_power_extrapolation,extrapolation,chip,time,s,90,10,900,0.0001048934033,0.8400519598
NF03_power_extrapolation,extrapolation,chip,truth_temperature,degC,90,25.00000941,101.9748175,0.001063165538,0.7998026637
NF03_power_extrapolation,extrapolation,chip,chip_power,W,90,0,16,0.004706670486,0.5790811555
NF03_power_extrapolation,extrapolation,chip,coolant_temperature,degC,90,25,25,,
NF03_power_extrapolation,extrapolation,chip,inlet_air_velocity,m/s,90,0.1,0.1,0.2111111111,1.80631807e-16
NF03_power_extrapolation,extrapolation,chip,pressure_drop,Pa,90,0.01389921343,0.01795399675,22.73651118,0.8177706308
NF03_power_extrapolation,extrapolation,chip,radiative_heat_rate,W,90,0,0,,
NF03_power_extrapolation,extrapolation,sink_base,time,s,90,10,900,0.0001288617984,0.9024275649
NF03_power_extrapolation,extrapolation,sink_base,truth_temperature,degC,90,25.00000941,101.568997,0.001321730355,0.866922202
NF03_power_extrapolation,extrapolation,sink_base,chip_power,W,90,0,16,0.005055140832,0.5438624673
NF03_power_extrapolation,extrapolation,sink_base,coolant_temperature,degC,90,25,25,,
NF03_power_extrapolation,extrapolation,sink_base,inlet_air_velocity,m/s,90,0.1,0.1,0.1555555556,1.163854936e-16
NF03_power_extrapolation,extrapolation,sink_base,pressure_drop,Pa,90,0.01389921343,0.01795399675,27.70608701,0.8713909994
NF03_power_extrapolation,extrapolation,sink_base,radiative_heat_rate,W,90,0,0,,
NF03_power_extrapolation,extrapolation,fins,time,s,90,10,900,0.0003809710621,0.9814647852
NF03_power_extrapolation,extrapolation,fins,truth_temperature,degC,90,25.0000094,99.96449046,0.004138806144,0.9840523857
NF03_power_extrapolation,extrapolation,fins,chip_power,W,90,0,16,0.01225304262,0.4849470726
NF03_power_extrapolation,extrapolation,fins,coolant_temperature,degC,90,25,25,,
NF03_power_extrapolation,extrapolation,fins,inlet_air_velocity,m/s,90,0.1,0.1,0.2444444444,6.72803228e-17
NF03_power_extrapolation,extrapolation,fins,pressure_drop,Pa,90,0.01389921343,0.01795399675,83.63761697,0.9676851913
NF03_power_extrapolation,extrapolation,fins,radiative_heat_rate,W,90,0,0,,
NF04_hot_low_flow_corner,extrapolation,chip,time,s,90,10,900,-0.000141138015,-0.916536385
NF04_hot_low_flow_corner,extrapolation,chip,truth_temperature,degC,90,40.00000404,114.4375997,-0.001573605469,-0.9218575441
NF04_hot_low_flow_corner,extrapolation,chip,chip_power,W,90,0,12,-0.002641949452,-0.1976783638
NF04_hot_low_flow_corner,extrapolation,chip,coolant_temperature,degC,90,40,40,,
NF04_hot_low_flow_corner,extrapolation,chip,inlet_air_velocity,m/s,90,0.05,0.05,0.2222222222,7.708828039e-17
NF04_hot_low_flow_corner,extrapolation,chip,pressure_drop,Pa,90,0.005930033001,0.00748738905,-77.68359739,-0.8820814035
NF04_hot_low_flow_corner,extrapolation,chip,radiative_heat_rate,W,90,0,0,,
NF04_hot_low_flow_corner,extrapolation,sink_base,time,s,90,10,900,-0.000125265212,-0.9125718446
NF04_hot_low_flow_corner,extrapolation,sink_base,truth_temperature,degC,90,40.00000404,114.1411876,-0.001402750189,-0.9199904566
NF04_hot_low_flow_corner,extrapolation,sink_base,chip_power,W,90,0,12,-0.002466819769,-0.207063207
NF04_hot_low_flow_corner,extrapolation,sink_base,coolant_temperature,degC,90,40,40,,
NF04_hot_low_flow_corner,extrapolation,sink_base,inlet_air_velocity,m/s,90,0.05,0.05,-0.1277777778,-4.972640752e-17
NF04_hot_low_flow_corner,extrapolation,sink_base,pressure_drop,Pa,90,0.005930033001,0.00748738905,-69.13593748,-0.8806717713
NF04_hot_low_flow_corner,extrapolation,sink_base,radiative_heat_rate,W,90,0,0,,
NF04_hot_low_flow_corner,extrapolation,fins,time,s,90,10,900,4.821729151e-05,0.6906455953
NF04_hot_low_flow_corner,extrapolation,fins,truth_temperature,degC,90,40.00000404,113.0176465,0.000548173025,0.6998361396
NF04_hot_low_flow_corner,extrapolation,fins,chip_power,W,90,0,12,0.003306161732,0.5456390678
NF04_hot_low_flow_corner,extrapolation,fins,coolant_temperature,degC,90,40,40,,
NF04_hot_low_flow_corner,extrapolation,fins,inlet_air_velocity,m/s,90,0.05,0.05,0.03333333333,2.550505984e-17
NF04_hot_low_flow_corner,extrapolation,fins,pressure_drop,Pa,90,0.005930033001,0.00748738905,29.41912086,0.7368104176
NF04_hot_low_flow_corner,extrapolation,fins,radiative_heat_rate,W,90,0,0,,
NF05_cold_inlet_extrapolation,extrapolation,chip,time,s,90,10,900,0.001007483325,0.9632593848
NF05_cold_inlet_extrapolation,extrapolation,chip,truth_temperature,degC,90,25.00000941,57.17586371,0.02245917119,0.7853143974
NF05_cold_inlet_extrapolation,extrapolation,chip,chip_power,W,90,0,9,0.04362479772,0.2593785067
NF05_cold_inlet_extrapolation,extrapolation,chip,coolant_temperature,degC,90,10,25,-0.02718329506,-0.7074038303
NF05_cold_inlet_extrapolation,extrapolation,chip,inlet_air_velocity,m/s,90,0.1,0.1,-0.7555555556,-7.717860908e-17
NF05_cold_inlet_extrapolation,extrapolation,chip,pressure_drop,Pa,90,0.01389921342,0.01673018189,261.8628626,0.7486192664
NF05_cold_inlet_extrapolation,extrapolation,chip,radiative_heat_rate,W,90,0,0,,
NF05_cold_inlet_extrapolation,extrapolation,sink_base,time,s,90,10,900,0.001024308307,0.9659416806
NF05_cold_inlet_extrapolation,extrapolation,sink_base,truth_temperature,degC,90,25.00000941,56.94329783,0.02304078808,0.7917348778
NF05_cold_inlet_extrapolation,extrapolation,sink_base,chip_power,W,90,0,9,0.04420907228,0.2592547906
NF05_cold_inlet_extrapolation,extrapolation,sink_base,coolant_temperature,degC,90,10,25,-0.02784620528,-0.7147368234
NF05_cold_inlet_extrapolation,extrapolation,sink_base,inlet_air_velocity,m/s,90,0.1,0.1,-1.422222222,-1.432889941e-16
NF05_cold_inlet_extrapolation,extrapolation,sink_base,pressure_drop,Pa,90,0.01389921342,0.01673018189,267.7054247,0.754847272
NF05_cold_inlet_extrapolation,extrapolation,sink_base,radiative_heat_rate,W,90,0,0,,
NF05_cold_inlet_extrapolation,extrapolation,fins,time,s,90,10,900,0.001190265945,0.983651783
NF05_cold_inlet_extrapolation,extrapolation,fins,truth_temperature,degC,90,25.0000094,55.9964473,0.02860205798,0.8430629664
NF05_cold_inlet_extrapolation,extrapolation,fins,chip_power,W,90,0,9,0.05364350581,0.2756828218
NF05_cold_inlet_extrapolation,extrapolation,fins,coolant_temperature,degC,90,10,25,-0.03431294198,-0.7718186293
NF05_cold_inlet_extrapolation,extrapolation,fins,inlet_air_velocity,m/s,90,0.1,0.1,-1.422222222,-1.255711864e-16
NF05_cold_inlet_extrapolation,extrapolation,fins,pressure_drop,Pa,90,0.01389921342,0.01673018189,327.6783739,0.8097050759
NF05_cold_inlet_extrapolation,extrapolation,fins,radiative_heat_rate,W,90,0,0,,
NF06_air_velocity_interpolation,air_velocity,chip,time,s,90,10,900,-0.000100033307,-0.4250724166
NF06_air_velocity_interpolation,air_velocity,chip,truth_temperature,degC,90,25.00000941,63.6174886,-0.0005326056472,-0.110573781
NF06_air_velocity_interpolation,air_velocity,chip,chip_power,W,90,0,9,0.01190709489,0.3146438803
NF06_air_velocity_interpolation,air_velocity,chip,coolant_temperature,degC,90,25,25,,
NF06_air_velocity_interpolation,air_velocity,chip,inlet_air_velocity,m/s,90,0.075,0.15,-1.338940151,-0.6905215609
NF06_air_velocity_interpolation,air_velocity,chip,pressure_drop,Pa,90,0.01079845266,0.02855736804,-5.663063154,-0.6969693303
NF06_air_velocity_interpolation,air_velocity,chip,radiative_heat_rate,W,90,0,0,,
NF06_air_velocity_interpolation,air_velocity,sink_base,time,s,90,10,900,-8.110067811e-05,-0.3590789911
NF06_air_velocity_interpolation,air_velocity,sink_base,truth_temperature,degC,90,25.00000941,63.38179126,-0.0001757470741,-0.03791981705
NF06_air_velocity_interpolation,air_velocity,sink_base,chip_power,W,90,0,9,0.01235845245,0.3402708757
NF06_air_velocity_interpolation,air_velocity,sink_base,coolant_temperature,degC,90,25,25,,
NF06_air_velocity_interpolation,air_velocity,sink_base,inlet_air_velocity,m/s,90,0.075,0.15,-1.213497328,-0.6520818558
NF06_air_velocity_interpolation,air_velocity,sink_base,pressure_drop,Pa,90,0.01079845266,0.02855736804,-5.100707804,-0.6540936327
NF06_air_velocity_interpolation,air_velocity,sink_base,radiative_heat_rate,W,90,0,0,,
NF06_air_velocity_interpolation,air_velocity,fins,time,s,90,10,900,9.925050148e-05,0.416263936
NF06_air_velocity_interpolation,air_velocity,fins,truth_temperature,degC,90,25.0000094,62.44015375,0.003427028341,0.6896105365
NF06_air_velocity_interpolation,air_velocity,fins,chip_power,W,90,0,9,0.02044928451,0.5333464037
NF06_air_velocity_interpolation,air_velocity,fins,coolant_temperature,degC,90,25,25,,
NF06_air_velocity_interpolation,air_velocity,fins,inlet_air_velocity,m/s,90,0.075,0.15,-0.09476468071,-0.04823700791
NF06_air_velocity_interpolation,air_velocity,fins,pressure_drop,Pa,90,0.01079845266,0.02855736804,-0.01201034819,-0.001458933981
NF06_air_velocity_interpolation,air_velocity,fins,radiative_heat_rate,W,90,0,0,,
NF07_air_velocity_extrapolation,air_velocity,chip,time,s,90,10,900,-2.629642236e-06,-0.03228279002
NF07_air_velocity_extrapolation,air_velocity,chip,truth_temperature,degC,90,25.00000941,54.5793568,-0.0002559064198,-0.1187192273
NF07_air_velocity_extrapolation,air_velocity,chip,chip_power,W,90,0,12,0.001856169723,0.2625554317
NF07_air_velocity_extrapolation,air_velocity,chip,coolant_temperature,degC,90,25,25,,
NF07_air_velocity_extrapolation,air_velocity,chip,inlet_air_velocity,m/s,90,0.1,0.3,-0.1146395485,-0.5091859854
NF07_air_velocity_extrapolation,air_velocity,chip,pressure_drop,Pa,90,0.01389921342,0.07627365167,-0.3644285486,-0.4988204655
NF07_air_velocity_extrapolation,air_velocity,chip,radiative_heat_rate,W,90,0,0,,
NF07_air_velocity_extrapolation,air_velocity,sink_base,time,s,90,10,900,2.430272687e-05,0.3455770552
NF07_air_velocity_extrapolation,air_velocity,sink_base,truth_temperature,degC,90,25.00000941,54.26339496,0.0004605875536,0.245730763
NF07_air_velocity_extrapolation,air_velocity,sink_base,chip_power,W,90,0,12,0.002688324819,0.440454005
NF07_air_velocity_extrapolation,air_velocity,sink_base,coolant_temperature,degC,90,25,25,,
NF07_air_velocity_extrapolation,air_velocity,sink_base,inlet_air_velocity,m/s,90,0.1,0.3,-0.02719905684,-0.1399301559
NF07_air_velocity_extrapolation,air_velocity,sink_base,pressure_drop,Pa,90,0.01389921342,0.07627365167,-0.08002765797,-0.1268783371
NF07_air_velocity_extrapolation,air_velocity,sink_base,radiative_heat_rate,W,90,0,0,,
NF07_air_velocity_extrapolation,air_velocity,fins,time,s,90,10,900,0.0002602133416,0.9177160734
NF07_air_velocity_extrapolation,air_velocity,fins,truth_temperature,degC,90,25.0000094,53.03485737,0.007393816177,0.9434271599
NF07_air_velocity_extrapolation,air_velocity,fins,chip_power,W,90,0,12,0.01301457036,0.5288561296
NF07_air_velocity_extrapolation,air_velocity,fins,coolant_temperature,degC,90,25,25,,
NF07_air_velocity_extrapolation,air_velocity,fins,inlet_air_velocity,m/s,90,0.1,0.3,0.718425576,0.916701925
NF07_air_velocity_extrapolation,air_velocity,fins,pressure_drop,Pa,90,0.01389921342,0.07627365167,2.34212063,0.9209700673
NF07_air_velocity_extrapolation,air_velocity,fins,radiative_heat_rate,W,90,0,0,,
NF08_short_power_pulses,dynamics,chip,time,s,600,1,600,-4.46021789e-05,-0.1272924861
NF08_short_power_pulses,dynamics,chip,truth_temperature,degC,600,25.00000941,34.2952413,-0.002724309519,-0.1115484609
NF08_short_power_pulses,dynamics,chip,chip_power,W,600,0,15,0.01154137296,0.8557692133
NF08_short_power_pulses,dynamics,chip,coolant_temperature,degC,600,25,25,,
NF08_short_power_pulses,dynamics,chip,inlet_air_velocity,m/s,600,0.1,0.1,,
NF08_short_power_pulses,dynamics,chip,pressure_drop,Pa,600,0.01389770366,0.01515178176,-13.01498186,-0.08263040182
NF08_short_power_pulses,dynamics,chip,radiative_heat_rate,W,600,0,0,,
NF08_short_power_pulses,dynamics,sink_base,time,s,600,1,600,-3.679414544e-05,-0.1235308939
NF08_short_power_pulses,dynamics,sink_base,truth_temperature,degC,600,25.00000941,33.99180791,-0.002446633871,-0.117546705
NF08_short_power_pulses,dynamics,sink_base,chip_power,W,600,0,15,0.01008678563,0.8798368429
NF08_short_power_pulses,dynamics,sink_base,coolant_temperature,degC,600,25,25,,
NF08_short_power_pulses,dynamics,sink_base,inlet_air_velocity,m/s,600,0.1,0.1,,
NF08_short_power_pulses,dynamics,sink_base,pressure_drop,Pa,600,0.01389770366,0.01515178176,-7.706951625,-0.0575611021
NF08_short_power_pulses,dynamics,sink_base,radiative_heat_rate,W,600,0,0,,
NF08_short_power_pulses,dynamics,fins,time,s,600,1,600,7.784898595e-06,0.04887202607
NF08_short_power_pulses,dynamics,fins,truth_temperature,degC,600,25.0000094,33.38796773,0.00226257076,0.2009236747
NF08_short_power_pulses,dynamics,fins,chip_power,W,600,0,15,0.004254896285,0.693983032
NF08_short_power_pulses,dynamics,fins,coolant_temperature,degC,600,25,25,,
NF08_short_power_pulses,dynamics,fins,inlet_air_velocity,m/s,600,0.1,0.1,,
NF08_short_power_pulses,dynamics,fins,pressure_drop,Pa,600,0.01389770366,0.01515178176,23.22794916,0.3243902967
NF08_short_power_pulses,dynamics,fins,radiative_heat_rate,W,600,0,0,,
NF09_stationary_hot_start,initialization,chip,time,s,90,10,900,0.0007070540817,0.8535714054
NF09_stationary_hot_start,initialization,chip,truth_temperature,degC,90,83.15558683,142.9886739,-0.007680450959,-0.8193635947
NF09_stationary_hot_start,initialization,chip,chip_power,W,90,3,12,0.02920953102,0.511847163
NF09_stationary_hot_start,initialization,chip,coolant_temperature,degC,90,25,35,-0.02775466201,-0.4384231777
NF09_stationary_hot_start,initialization,chip,inlet_air_velocity,m/s,90,0.05,0.1,5.731250721,0.4586704315
NF09_stationary_hot_start,initialization,chip,pressure_drop,Pa,90,0.008070651125,0.01941040928,20.97798851,0.3390365297
NF09_stationary_hot_start,initialization,chip,radiative_heat_rate,W,90,0,0,,
NF09_stationary_hot_start,initialization,sink_base,time,s,90,10,900,0.0006897838491,0.8531400939
NF09_stationary_hot_start,initialization,sink_base,truth_temperature,degC,90,82.89321931,142.6723924,-0.007512743145,-0.8209775415
NF09_stationary_hot_start,initialization,sink_base,chip_power,W,90,3,12,0.02785181599,0.500022262
NF09_stationary_hot_start,initialization,sink_base,coolant_temperature,degC,90,25,35,-0.02788253648,-0.45124245
NF09_stationary_hot_start,initialization,sink_base,inlet_air_velocity,m/s,90,0.05,0.1,5.749981086,0.4714524092
NF09_stationary_hot_start,initialization,sink_base,pressure_drop,Pa,90,0.008070651125,0.01941040928,21.31605002,0.3529469948
NF09_stationary_hot_start,initialization,sink_base,radiative_heat_rate,W,90,0,0,,
NF09_stationary_hot_start,initialization,fins,time,s,90,10,900,0.0005445859551,0.8174836196
NF09_stationary_hot_start,initialization,fins,truth_temperature,degC,90,81.79989315,141.3469958,-0.005908478222,-0.7808229001
NF09_stationary_hot_start,initialization,fins,chip_power,W,90,3,12,0.01913194218,0.4168695509
NF09_stationary_hot_start,initialization,fins,coolant_temperature,degC,90,25,35,-0.02671758304,-0.5247834483
NF09_stationary_hot_start,initialization,fins,inlet_air_velocity,m/s,90,0.05,0.1,5.456801315,0.5430188129
NF09_stationary_hot_start,initialization,fins,pressure_drop,Pa,90,0.008070651125,0.01941040928,21.82478774,0.438589346
NF09_stationary_hot_start,initialization,fins,radiative_heat_rate,W,90,0,0,,
NR01_power_levels,radiation,chip,time,s,90,10,900,0.005922280166,0.9661926411
NR01_power_levels,radiation,chip,truth_temperature,degC,90,24.98489846,66.61468288,0.1185117595,0.9815077665
NR01_power_levels,radiation,chip,chip_power,W,90,0,12,0.3786013596,0.8830828825
NR01_power_levels,radiation,chip,coolant_temperature,degC,90,25,25,,
NR01_power_levels,radiation,chip,inlet_air_velocity,m/s,90,0.1,0.1,5.688888889,9.915791589e-17
NR01_power_levels,radiation,chip,pressure_drop,Pa,90,0.01391935693,0.01621259071,2392.601807,0.9616109806
NR01_power_levels,radiation,chip,radiative_heat_rate,W,90,-1.879230114,-0.002403373689,-2.670636977,-0.9901293077
NR01_power_levels,radiation,sink_base,time,s,90,10,900,0.00594145853,0.9662676121
NR01_power_levels,radiation,sink_base,truth_temperature,degC,90,24.98489953,66.31235331,0.1197400168,0.9817820144
NR01_power_levels,radiation,sink_base,chip_power,W,90,0,12,0.3797675968,0.8830123543
NR01_power_levels,radiation,sink_base,coolant_temperature,degC,90,25,25,,
NR01_power_levels,radiation,sink_base,inlet_air_velocity,m/s,90,0.1,0.1,-21.33333333,-3.706706793e-16
NR01_power_levels,radiation,sink_base,pressure_drop,Pa,90,0.01391935693,0.01621259071,2400.262373,0.9616505417
NR01_power_levels,radiation,sink_base,radiative_heat_rate,W,90,-1.879230114,-0.002403373689,-2.679261006,-0.9901971165
NR01_power_levels,radiation,fins,time,s,90,10,900,0.006113935436,0.9674121052
NR01_power_levels,radiation,fins,truth_temperature,degC,90,24.98495491,65.18355285,0.1265682274,0.9832627527
NR01_power_levels,radiation,fins,chip_power,W,90,0,12,0.3906829053,0.883811399
NR01_power_levels,radiation,fins,coolant_temperature,degC,90,25,25,,
NR01_power_levels,radiation,fins,inlet_air_velocity,m/s,90,0.1,0.1,10.66666667,1.803202724e-16
NR01_power_levels,radiation,fins,pressure_drop,Pa,90,0.01391935693,0.01621259071,2469.527289,0.9626284871
NR01_power_levels,radiation,fins,radiative_heat_rate,W,90,-1.879230114,-0.002403373689,-2.755836341,-0.9909377501
NR02_power_ramp,radiation,chip,time,s,90,10,900,0.006111275508,0.9840713004
NR02_power_ramp,radiation,chip,truth_temperature,degC,90,24.98489846,55.54586806,0.1225482437,0.8970926275
NR02_power_ramp,radiation,chip,chip_power,W,90,0,12,0.04126236033,0.08587949825
NR02_power_ramp,radiation,chip,coolant_temperature,degC,90,25,25,,
NR02_power_ramp,radiation,chip,inlet_air_velocity,m/s,90,0.1,0.1,-16,-2.752579352e-16
NR02_power_ramp,radiation,chip,pressure_drop,Pa,90,0.01391935693,0.01569646471,2415.316465,0.881506757
NR02_power_ramp,radiation,chip,radiative_heat_rate,W,90,-1.319474416,-0.002403373689,-2.858388815,-0.9090569194
NR02_power_ramp,radiation,sink_base,time,s,90,10,900,0.006131615844,0.9840445015
NR02_power_ramp,radiation,sink_base,truth_temperature,degC,90,24.98489953,55.36913756,0.1238068033,0.8994267421
NR02_power_ramp,radiation,sink_base,chip_power,W,90,0,12,0.04156204304,0.08621392492
NR02_power_ramp,radiation,sink_base,coolant_temperature,degC,90,25,25,,
NR02_power_ramp,radiation,sink_base,inlet_air_velocity,m/s,90,0.1,0.1,12.8,2.194698834e-16
NR02_power_ramp,radiation,sink_base,pressure_drop,Pa,90,0.01391935693,0.01569646471,2424.278638,0.8818185621
NR02_power_ramp,radiation,sink_base,radiative_heat_rate,W,90,-1.319474416,-0.002403373689,-2.869249736,-0.9094592018
NR02_power_ramp,radiation,fins,time,s,90,10,900,0.006287578491,0.9846955254
NR02_power_ramp,radiation,fins,truth_temperature,degC,90,24.98495491,54.6606528,0.1308184458,0.9096487134
NR02_power_ramp,radiation,fins,chip_power,W,90,0,12,0.04674560697,0.09462373272
NR02_power_ramp,radiation,fins,coolant_temperature,degC,90,25,25,,
NR02_power_ramp,radiation,fins,inlet_air_velocity,m/s,90,0.1,0.1,-10.31111111,-1.725238629e-16
NR02_power_ramp,radiation,fins,pressure_drop,Pa,90,0.01391935693,0.01569646471,2497.620331,0.8865472079
NR02_power_ramp,radiation,fins,radiative_heat_rate,W,90,-1.319474416,-0.002403373689,-2.956330079,-0.9144217276
NR03_combined_levels,radiation,chip,time,s,90,10,900,0.004399361937,0.978900228
NR03_combined_levels,radiation,chip,truth_temperature,degC,90,24.98489846,57.70691793,0.1054956419,0.9698842241
NR03_combined_levels,radiation,chip,chip_power,W,90,0,12,0.0682728119,0.2269425737
NR03_combined_levels,radiation,chip,coolant_temperature,degC,90,18,32,0.1136221464,0.5925663566
NR03_combined_levels,radiation,chip,inlet_air_velocity,m/s,90,0.075,0.2,7.765622098,0.332975368
NR03_combined_levels,radiation,chip,pressure_drop,Pa,90,0.01066527456,0.03967804118,40.39472394,0.40575476
NR03_combined_levels,radiation,chip,radiative_heat_rate,W,90,-1.308541118,-0.00240337369,-2.456117011,-0.8307865068
NR03_combined_levels,radiation,sink_base,time,s,90,10,900,0.004414130482,0.9788230909
NR03_combined_levels,radiation,sink_base,truth_temperature,degC,90,24.98489953,57.408098,0.1063913675,0.970942178
NR03_combined_levels,radiation,sink_base,chip_power,W,90,0,12,0.06862074475,0.2273180466
NR03_combined_levels,radiation,sink_base,coolant_temperature,degC,90,18,32,0.1137871765,0.5913949681
NR03_combined_levels,radiation,sink_base,inlet_air_velocity,m/s,90,0.075,0.2,7.830163588,0.3345931096
NR03_combined_levels,radiation,sink_base,pressure_drop,Pa,90,0.01066527456,0.03967804118,40.69513332,0.4073725458
NR03_combined_levels,radiation,sink_base,radiative_heat_rate,W,90,-1.308541118,-0.00240337369,-2.468845732,-0.8322324343
NR03_combined_levels,radiation,fins,time,s,90,10,900,0.004522304943,0.9767410711
NR03_combined_levels,radiation,fins,truth_temperature,degC,90,24.98495491,56.3073555,0.1117469912,0.9756244443
NR03_combined_levels,radiation,fins,chip_power,W,90,0,12,0.07367155136,0.2377053027
NR03_combined_levels,radiation,fins,coolant_temperature,degC,90,18,32,0.1142908703,0.5785706656
NR03_combined_levels,radiation,fins,inlet_air_velocity,m/s,90,0.075,0.2,8.395193054,0.3494116749
NR03_combined_levels,radiation,fins,pressure_drop,Pa,90,0.01066527456,0.03967804118,43.2445637,0.421639576
NR03_combined_levels,radiation,fins,radiative_heat_rate,W,90,-1.308541118,-0.00240337369,-2.574743254,-0.8453667839
NR04_hot_low_flow_corner,radiation,chip,time,s,90,10,900,0.01455115535,0.9830222707
NR04_hot_low_flow_corner,radiation,chip,truth_temperature,degC,90,39.96953318,101.9850694,0.1803418898,0.9281827003
NR04_hot_low_flow_corner,radiation,chip,chip_power,W,90,0,12,0.4303227161,0.3349570171
NR04_hot_low_flow_corner,radiation,chip,coolant_temperature,degC,90,40,40,,
NR04_hot_low_flow_corner,radiation,chip,inlet_air_velocity,m/s,90,0.05,0.05,-51.2,-1.847698078e-16
NR04_hot_low_flow_corner,radiation,chip,pressure_drop,Pa,90,0.005946013701,0.007443913549,7806.31635,0.921334751
NR04_hot_low_flow_corner,radiation,chip,radiative_heat_rate,W,90,-3.062464701,-0.002875245012,-3.703333276,-0.9514751742
NR04_hot_low_flow_corner,radiation,sink_base,time,s,90,10,900,0.01458286825,0.9831560485
NR04_hot_low_flow_corner,radiation,sink_base,truth_temperature,degC,90,39.9695341,101.6770515,0.1813515177,0.9289250938
NR04_hot_low_flow_corner,radiation,sink_base,chip_power,W,90,0,12,0.431149218,0.3349161071
NR04_hot_low_flow_corner,radiation,sink_base,coolant_temperature,degC,90,40,40,,
NR04_hot_low_flow_corner,radiation,sink_base,inlet_air_velocity,m/s,90,0.05,0.05,-29.86666667,-1.07562633e-16
NR04_hot_low_flow_corner,radiation,sink_base,pressure_drop,Pa,90,0.005946013701,0.007443913549,7824.423565,0.9215889977
NR04_hot_low_flow_corner,radiation,sink_base,radiative_heat_rate,W,90,-3.062464701,-0.002875245012,-3.71185272,-0.9517196217
NR04_hot_low_flow_corner,radiation,fins,time,s,90,10,900,0.01482675824,0.9843851591
NR04_hot_low_flow_corner,radiation,fins,truth_temperature,degC,90,39.96960701,100.5062616,0.187346503,0.9327370401
NR04_hot_low_flow_corner,radiation,fins,chip_power,W,90,0,12,0.4400593357,0.3366348068
NR04_hot_low_flow_corner,radiation,fins,coolant_temperature,degC,90,40,40,,
NR04_hot_low_flow_corner,radiation,fins,inlet_air_velocity,m/s,90,0.05,0.05,11.37777778,4.035259465e-17
NR04_hot_low_flow_corner,radiation,fins,pressure_drop,Pa,90,0.005946013701,0.007443913549,7966.982958,0.9240982866
NR04_hot_low_flow_corner,radiation,fins,radiative_heat_rate,W,90,-3.062464701,-0.002875245012,-3.77781046,-0.9538889111
NR05_stationary_hot_start,radiation,chip,time,s,90,10,900,0.007952310105,0.7463455677
NR05_stationary_hot_start,radiation,chip,truth_temperature,degC,90,62.30328782,110.2768414,-0.1448949037,-0.9029485757
NR05_stationary_hot_start,radiation,chip,chip_power,W,90,3,12,-0.2221816468,-0.3026797206
NR05_stationary_hot_start,radiation,chip,coolant_temperature,degC,90,25,35,-0.7227719546,-0.8876020195
NR05_stationary_hot_start,radiation,chip,inlet_air_velocity,m/s,90,0.05,0.1,147.2755982,0.9163081689
NR05_stationary_hot_start,radiation,chip,pressure_drop,Pa,90,0.007726675049,0.01819066582,751.1126292,0.8610486801
NR05_stationary_hot_start,radiation,chip,radiative_heat_rate,W,90,-4.436084473,-1.687456313,2.50860196,0.8098206053
NR05_stationary_hot_start,radiation,sink_base,time,s,90,10,900,0.007916930165,0.7448796647
NR05_stationary_hot_start,radiation,sink_base,truth_temperature,degC,90,62.19622297,109.9561647,-0.1442493126,-0.9004044873
NR05_stationary_hot_start,radiation,sink_base,chip_power,W,90,3,12,-0.2234434389,-0.3051584519
NR05_stationary_hot_start,radiation,sink_base,coolant_temperature,degC,90,25,35,-0.7216850998,-0.8884794378
NR05_stationary_hot_start,radiation,sink_base,inlet_air_velocity,m/s,90,0.05,0.1,147.0381221,0.9171140859
NR05_stationary_hot_start,radiation,sink_base,pressure_drop,Pa,90,0.007726675049,0.01819066582,750.2208759,0.8621730415
NR05_stationary_hot_start,radiation,sink_base,radiative_heat_rate,W,90,-4.436084473,-1.687456313,2.496916538,0.8080602526
NR05_stationary_hot_start,radiation,fins,time,s,90,10,900,0.007641969961,0.7355559546
NR05_stationary_hot_start,radiation,fins,truth_temperature,degC,90,61.62378215,108.672947,-0.140157861,-0.8892429727
NR05_stationary_hot_start,radiation,fins,chip_power,W,90,3,12,-0.2295244787,-0.3206770585
NR05_stationary_hot_start,radiation,fins,coolant_temperature,degC,90,25,35,-0.7099426831,-0.8941368944
NR05_stationary_hot_start,radiation,fins,inlet_air_velocity,m/s,90,0.05,0.1,144.5236562,0.9221752066
NR05_stationary_hot_start,radiation,fins,pressure_drop,Pa,90,0.007726675049,0.01819066582,739.4257794,0.8693225944
NR05_stationary_hot_start,radiation,fins,radiative_heat_rate,W,90,-4.436084473,-1.687456313,2.404402656,0.7960273754
