case_id,case_group,sensor,n_points,rmse_k,mae_k,bias_k,max_abs_error_k,terminal_error_k,peak_temperature_error_k,peak_time_error_s,truth_peak_at_boundary,predicted_peak_at_boundary,peak_time_qualified,lag1_pair_count,residual_lag1_correlation,prior_rmse_k,persistence_rmse_k,rmse_improvement_percent,rmse_improvement_vs_persistence_percent
NF01_fixed_flow_interpolation,interpolation,chip,90,0.1724546011,0.1448965787,0.144896392,0.2790974169,0.2781196534,0.2781196534,0,True,True,False,89,0.969240244,10.52683058,22.77753022,98.36176141,99.24287401
NF01_fixed_flow_interpolation,interpolation,sink_base,90,0.1753444021,0.1471045555,0.1471043678,0.285391018,0.2846504718,0.2846504718,0,True,True,False,89,0.9755275262,10.52836547,22.60849336,98.33455248,99.22443128
NF01_fixed_flow_interpolation,interpolation,fins,90,0.2316338841,0.1959690633,0.1959688656,0.3818010473,0.3818010473,0.3818010473,0,True,True,False,89,0.9942301136,10.40964211,21.98917849,97.77481414,98.94660056
NF02_unseen_three_input_recipe,combined,chip,90,0.1650910353,0.141897952,0.1405501591,0.33164813,0.2668685976,0.2668685976,0,True,True,False,89,0.9030755365,11.26217273,22.59062864,98.53411025,99.26920566
NF02_unseen_three_input_recipe,combined,sink_base,90,0.1660238698,0.1434370976,0.1428575377,0.3168039251,0.2695434408,0.2695434408,0,True,True,False,89,0.9355640686,11.26139618,22.42544713,98.5257257,99.25966306
NF02_unseen_three_input_recipe,combined,fins,90,0.2114826012,0.1915397859,0.1915396603,0.3330288559,0.3317371117,0.3317371117,0,True,True,False,89,0.9852084181,11.14481842,21.81294107,98.10241322,99.03047186
NF03_power_extrapolation,extrapolation,chip,90,0.07741030625,0.07028573781,0.07028562093,0.1152363173,0.1128225739,0.1128225739,0,True,True,False,89,0.9459918473,23.08466798,52.41893493,99.66466788,99.85232377
NF03_power_extrapolation,extrapolation,sink_base,90,0.08411201473,0.07548955741,0.07548943976,0.1273540543,0.1267027579,0.1267027579,0,True,True,False,89,0.9735462895,23.08635079,52.0737001,99.63566345,99.83847506
NF03_power_extrapolation,extrapolation,fins,90,0.2089261103,0.1839139273,0.1829780555,0.3193201898,0.3193201898,0.3193201898,0,True,True,False,89,0.9973409969,22.83505292,50.79732169,99.08506404,99.58870644
NF04_hot_low_flow_corner,extrapolation,chip,90,0.04975948614,0.04238039411,-0.02959001309,0.07692573085,-0.06426222671,-0.06426222671,0,True,True,False,89,0.9693436219,16.78136364,47.54095079,99.70348365,99.89533342
NF04_hot_low_flow_corner,extrapolation,sink_base,90,0.04511113955,0.03835138458,-0.02762856203,0.06706728186,-0.05573077637,-0.05573077637,0,True,True,False,89,0.9739873157,16.78577016,47.29305462,99.73125368,99.90461361
NF04_hot_low_flow_corner,extrapolation,fins,90,0.04123220652,0.03797475961,0.03702881575,0.07418614081,0.07418614081,0.07418614081,0,True,True,False,89,0.9352625546,16.64048473,46.41843107,99.75221752,99.91117277
NF05_cold_inlet_extrapolation,extrapolation,chip,90,0.4667742547,0.3795354108,0.3795353692,0.8515074851,0.8515074851,0.8515074851,0,True,True,False,89,0.997171513,16.39642923,24.75668162,97.15319569,98.11455242
NF05_cold_inlet_extrapolation,extrapolation,sink_base,90,0.473102347,0.3846185948,0.3846185527,0.8609389481,0.8609389481,0.8609389481,0,True,True,False,89,0.9976389574,16.39544678,24.54866014,97.11442845,98.07279768
NF05_cold_inlet_extrapolation,extrapolation,fins,90,0.5626984046,0.4666981217,0.4666980751,0.9846661706,0.9846661706,0.9846661706,0,True,True,False,89,0.9994506188,16.22537238,23.74361898,96.53198465,97.63010683
NF06_air_velocity_interpolation,air_velocity,chip,90,0.120286937,0.1055445677,0.1035913546,0.189547587,-0.02325512227,0.1410509713,0,False,False,True,89,0.9468942811,13.52226678,30.06994238,99.11045286,99.59997616
NF06_air_velocity_interpolation,air_velocity,sink_base,90,0.1224867867,0.1082105705,0.1075181601,0.1938532584,-0.01297361507,0.1511473631,0,False,False,True,89,0.950516661,13.52101794,29.86747252,99.09410085,99.58989906
NF06_air_velocity_interpolation,air_velocity,fins,90,0.1883832769,0.1779083964,0.1779083498,0.2777614359,0.1155125053,0.2777614359,0,False,False,True,89,0.9870068281,13.35205356,29.09629566,98.58910634,99.35255237
NF07_air_velocity_extrapolation,air_velocity,chip,90,0.02966440891,0.02427841474,0.02078844256,0.06429463892,0.02997298864,-0.02409943817,0,False,False,True,89,0.8989217369,12.51237049,25.59764293,99.76291935,99.88411273
NF07_air_velocity_extrapolation,air_velocity,sink_base,90,0.03521809187,0.03066220816,0.03010857464,0.06048074235,0.04538977978,-0.008629195519,0,False,False,True,89,0.9097456659,12.50301423,25.31404423,99.71832319,99.86087529
NF07_air_velocity_extrapolation,air_velocity,fins,90,0.1633182744,0.1464647381,0.1457624738,0.2127459343,0.2127459343,0.138039088,0,False,False,True,89,0.996787005,12.20720273,24.19727578,98.66211549,99.32505512
NF08_short_power_pulses,dynamics,chip,600,0.06312968845,0.0287805751,0.01738234826,0.3078829313,0.01671368199,0.1219539744,0,False,False,True,599,0.8785496363,2.230758753,5.47120583,97.17003516,98.84614671
NF08_short_power_pulses,dynamics,sink_base,600,0.05461054426,0.02604213574,0.01791123828,0.2486156226,0.01814216454,0.09389065715,-1,False,False,True,599,0.9380016697,2.230250779,5.436302903,97.55137204,98.99544699
NF08_short_power_pulses,dynamics,fins,600,0.04024159034,0.02929881115,0.02929461041,0.1257891289,0.03211882881,0.05318847174,-1,False,False,True,599,0.993140948,2.211209913,5.308366392,98.1801099,99.24192139
NF09_stationary_hot_start,initialization,chip,90,0.2938674761,0.2123993657,0.2001199515,0.5559253305,0.3464003819,0.04234723994,0,False,False,True,89,0.978180765,36.85546243,45.68413001,99.20264879,99.35674057
NF09_stationary_hot_start,initialization,sink_base,90,0.3024018859,0.2264598564,0.2175474705,0.5659727904,0.3579024896,0.0586481198,0,False,False,True,89,0.9799649279,36.84344223,45.59377055,99.17922467,99.33674736
NF09_stationary_hot_start,initialization,fins,90,0.4433030053,0.4081245127,0.4081245127,0.724299677,0.5047800475,0.2591442981,0,False,False,True,89,0.9835845058,36.55158598,45.31459819,98.78718531,99.02172143
NR01_power_levels,radiation,chip,90,2.382049205,1.771564981,1.771564981,5.280221021,5.280221021,5.280221021,0,True,True,False,89,0.9998421946,7.599231062,22.8480182,68.65407584,89.57437278
NR01_power_levels,radiation,sink_base,90,2.389092153,1.776511126,1.776511126,5.294840384,5.294840384,5.294840384,0,True,True,False,89,0.9998632081,7.598431602,22.64738247,68.55808833,89.45091268
NR01_power_levels,radiation,fins,90,2.461749301,1.834264608,1.834264608,5.4324545,5.4324545,5.4324545,0,True,True,False,89,0.9999254222,7.460093337,21.93706319,67.00109249,88.77812732
NR02_power_ramp,radiation,chip,90,2.535917359,1.956516623,1.956516623,4.678643455,4.678643455,3.533028616,20,False,False,True,89,0.999891455,7.837592426,21.37287002,67.64417921,88.1348768
NR02_power_ramp,radiation,sink_base,90,2.543477347,1.961850951,1.961850951,4.688669688,4.688669688,3.556502467,30,False,False,True,89,0.9998909121,7.834251125,21.22051223,67.53388031,88.01406244
NR02_power_ramp,radiation,fins,90,2.612194036,2.017865649,2.017865649,4.769466337,4.769466337,3.703358205,30,False,False,True,89,0.999887249,7.719164265,20.65051083,66.15962628,87.35046287
NR03_combined_levels,radiation,chip,90,2.151084481,1.806650518,1.806650518,3.61601296,3.61601296,2.765180554,0,False,False,True,89,0.9991923723,8.414777204,21.59292207,74.43682193,90.03801119
NR03_combined_levels,radiation,sink_base,90,2.158420052,1.812791989,1.812791989,3.623263805,3.623263805,2.775705561,0,False,False,True,89,0.9992744524,8.410093585,21.41791958,74.33536226,89.92236363
NR03_combined_levels,radiation,fins,90,2.229384518,1.877058123,1.877058123,3.68593285,3.68593285,2.880054294,0,False,False,True,89,0.9994948865,8.252052735,20.76699848,72.98387941,89.26477257
NR04_hot_low_flow_corner,radiation,chip,90,6.166883886,4.821011517,4.821011517,12.37943631,12.37943631,12.37943631,0,True,True,False,89,0.9998196559,10.57667665,41.54318747,41.69355753,85.15548695
NR04_hot_low_flow_corner,radiation,sink_base,90,6.179027182,4.830277854,4.830277854,12.39957673,12.39957673,12.39957673,0,True,True,False,89,0.9998389268,10.57290591,41.28449369,41.55791004,85.03305568
NR04_hot_low_flow_corner,radiation,fins,90,6.294228538,4.930111493,4.930111493,12.5767769,12.5767769,12.5767769,0,True,True,False,89,0.9999227762,10.38926197,40.36322343,39.41601864,84.40603103
NR05_stationary_hot_start,radiation,chip,90,9.350024096,8.930884121,8.930884121,10.77514196,10.37033076,5.34746406,0,False,False,True,89,0.9997464508,19.94861047,35.58918821,53.12944673,73.72790849
NR05_stationary_hot_start,radiation,sink_base,90,9.369078899,8.952959703,8.952959703,10.79279468,10.38424455,5.378012881,0,False,False,True,89,0.9997447334,19.9336603,35.4860025,52.99870291,73.59781818
NR05_stationary_hot_start,radiation,fins,90,9.517382326,9.126640641,9.126640641,10.9179012,10.50113635,5.643225529,0,False,False,True,89,0.9997141806,19.68645897,35.13834685,51.6551842,72.91454158
